clip_id,group_idx,clip_name,event_type,label,similarity,local_text,global_text,prompt,image_paths,answer,cf_mode,cf_prompt,cf_image_paths,cf_answer,cf_prompt_state,cf_prompt_changes
0jJj5Mme,1,IM_15,GOAL,important,0.956679,"Atalanta, they've missed two of the last three penalties for Duvam Zapata to take this one. Duvam Zapata rolls it in. Atalanta are clear and Duvam Zapata has his first goal which is returning from that near three-month layoff.",and Atalanta they've missed two of the last three penalties for Duvam Zapata to take this one Duvam Zapata rolls it in Atalanta are clear and Duvam Zapata has his first goal which returning from that near three month layoff through injury,"You are watching a football match. Atalanta, they've missed two of the last three penalties for Duvam Zapata to take this one. Duvam Zapata rolls it in. Atalanta are clear and Duvam Zapata has his first goal which is returning from that near three-month layoff. What type of football event is shown? Answer goal or corner.",reproducing_code/vlm-circuits-analysis/data/goal/composites/0jJj5Mme/im/1/IM_15.png,goal,both,"You are watching a football match. Atalanta, cheapdone missed two of the last three penalties for Duvam Zapata to take this one. Duvam Zapata rolls while whether. Atalanta are clear and Duvam Zapata has his first goal which is returning from that near three-month sunning. What type of football event is shown? Answer goal or corner.",reproducing_code/vlm-circuits-analysis/data/goal/composites_noisy_sigma0p12/0jJj5Mme/im/1/IM_15.png,corner,coverage_10pct+dataset_sample+qwen_same_token_length+vision_noise+goal_vs_corner,sentence_1[dataset_sample:pos_bucket:OTHER:length_1]:they->cheap; sentence_3[dataset_sample:pos_bucket:NOUN:length_2]:layoff->sunning; sentence_2[dataset_sample:pos_bucket:OTHER:length_1]:in->whether; sentence_1[dataset_sample:pos_bucket:VERB:length_1]:'ve->done; sentence_2[dataset_sample:pos_bucket:OTHER:length_1]:it->while
nsbnKlSp,2,IM_7,GOAL,important,0.982138,"He'll be on imminently. Lipped in by Zalanolu, terrific header! Bakayoko's first goal for Milan comes in the derby and gives them hope! What a great header this is from Bakayoko.",He'll be on imminently. Lipped in by Zalanolu. Terrific header. Bakayoko's first goal for Milan. comes in the derby. And gives them hope.,"You are watching a football match. He'll be on imminently. Lipped in by Zalanolu, terrific header! Bakayoko's first goal for Milan comes in the derby and gives them hope! What a great header this is from Bakayoko. What type of football event is shown? Answer goal or corner.",reproducing_code/vlm-circuits-analysis/data/goal/composites/nsbnKlSp/im/2/IM_7.png,goal,both,"You are watching a football match. He'll be my imminently. Lipped in by Zalanolu, terrific header! Bakayoko's first goal for Milan comes in the derby plus responds them hope! What a great header this is our Bakayoko. What type of football event is shown? Answer goal or corner.",reproducing_code/vlm-circuits-analysis/data/goal/composites_noisy_sigma0p12/nsbnKlSp/im/2/IM_7.png,corner,coverage_10pct+dataset_sample+qwen_same_token_length+vision_noise+goal_vs_corner,sentence_3[dataset_sample:pos_bucket:OTHER:length_1]:and->plus; sentence_1[dataset_sample:pos_bucket:OTHER:length_1]:on->my; sentence_4[dataset_sample:pos_bucket:OTHER:length_1]:from->our; sentence_3[dataset_sample:pos_bucket:VERB:length_2]:gives->responds
AmNbkU2m,2,IM_4,GOAL,important,0.880397,"Gundogan. De Bruner finds a clever little apple. Foden, Mahrez, this is really good. Jesus, 2-0. What a move that was by Manchester City. Absolutely gorgeous football.",Gundogan De Bruyne finds a clever little after ball lovely ball Foden Mahrez this is really good Jesus 2-0 what a move that was by Manchester City absolutely gorgeous football,"You are watching a football match. Gundogan. De Bruner finds a clever little apple. Foden, Mahrez, this is really good. Jesus, 2-0. What a move that was by Manchester City. Absolutely gorgeous football. What type of football event is shown? Answer goal or corner.",reproducing_code/vlm-circuits-analysis/data/goal/composites/AmNbkU2m/im/2/IM_4.png,goal,both,"You are watching a football match. Gundogan. De Bruner finds and clever little apple. Foden, Mahrez, while is really good. Jesus, 2-0. What a athlete that was by Manchester City. Absolutely gorgeous football. What type of football event is shown? Answer goal or corner.",reproducing_code/vlm-circuits-analysis/data/goal/composites_noisy_sigma0p12/AmNbkU2m/im/2/IM_4.png,corner,coverage_10pct+dataset_sample+qwen_same_token_length+vision_noise+goal_vs_corner,sentence_5[dataset_sample:pos_bucket:NOUN:length_1]:move->athlete; sentence_2[dataset_sample:pos_bucket:OTHER:length_1]:a->and; sentence_3[dataset_sample:pos_bucket:OTHER:length_1]:this->while
reYzH7wg,1,IM_7,GOAL,important,0.238571,Short pass.,Murillo. Murillo. Murillo. Murillo. Here's a chance for John. Mario. Parried by Szczesny. Murillo. 1-0 on Clemere Moscow. Approaching the half hour.,You are watching a football match. Short pass. What type of football event is shown? Answer goal or corner.,reproducing_code/vlm-circuits-analysis/data/goal/composites/reYzH7wg/im/1/IM_7.png,goal,both,You are watching a football match. Short flash. What type of football event is shown? Answer goal or corner.,reproducing_code/vlm-circuits-analysis/data/goal/composites_noisy_sigma0p12/reYzH7wg/im/1/IM_7.png,corner,coverage_10pct+dataset_sample+qwen_same_token_length+vision_noise+goal_vs_corner,sentence_1[dataset_sample:pos_bucket:NOUN:length_1]:pass->flash
OziK3ff0,1,IM_10,GOAL,important,0.918909,"In a more of a cheeky way to claim the goal. In step, leaving Drakowski without a hope. He said he wanted to score a goal.","more of a cheeky way to claim the goal. In step, leaving Drakowski without a hope.","You are watching a football match. In a more of a cheeky way to claim the goal. In step, leaving Drakowski without a hope. He said he wanted to score a goal. What type of football event is shown? Answer goal or corner.",reproducing_code/vlm-circuits-analysis/data/goal/composites/OziK3ff0/im/1/IM_10.png,goal,both,"You are watching a football match. In a more of a cheeky way to claim now goal. In step, leaving Lazzari without a hope. He creating he wanted to score a goal. What type of football event is shown? Answer goal or corner.",reproducing_code/vlm-circuits-analysis/data/goal/composites_noisy_sigma0p12/OziK3ff0/im/1/IM_10.png,corner,coverage_10pct+dataset_sample+qwen_same_token_length+vision_noise+goal_vs_corner,sentence_3[dataset_sample:pos_bucket:VERB:length_1]:said->creating; sentence_1[dataset_sample:pos_bucket:OTHER:length_1]:the->now; sentence_2[dataset_sample:pos_bucket:PROPN:length_3]:Drakowski->Lazzari
xx6GTsEM,2,IM_1,GOAL,important,0.744718,"Oh, that's a very, very weak ball from Hataboa. The play breaks down and Elisverona go on the search of a counter again. Zakania has men inside there. That is a wonderful ball. Blazovic can square it. Should be a tap in. It is. It's a brilliant team move. Di Carbone has his second of the game. And Elisverona are back in front.",oh that's a very very weak ball from hataboa the play breaks down and el s verona go on the search of a counter again zaccani has men inside there that is a wonderful ball lazovic can square it should be a tap in it is it's a brilliant team move di carbonate has a second of the game and el s verona are back in front,"You are watching a football match. Oh, that's a very, very weak ball from Hataboa. The play breaks down and Elisverona go on the search of a counter again. Zakania has men inside there. That is a wonderful ball. Blazovic can square it. Should be a tap in. It is. It's a brilliant team move. Di Carbone has his second of the game. And Elisverona are back in front. What type of football event is shown? Answer goal or corner.",reproducing_code/vlm-circuits-analysis/data/goal/composites/xx6GTsEM/im/2/IM_1.png,goal,both,"You are watching a football match. Oh, er's a very, very weak ball from Hataboa. The breaking breaks down and Elisverona go on the search of a counter again. Zakania did men inside there. That is a wonderful ball. Blazovic can square it. Should be hi tap in. It blocking. It's a brilliant team move. Di Carbone has etc second of the game. ה Elisverona are back in front. What type of football event is shown? Answer goal or corner.",reproducing_code/vlm-circuits-analysis/data/goal/composites_noisy_sigma0p12/xx6GTsEM/im/2/IM_1.png,corner,coverage_10pct+dataset_sample+qwen_same_token_length+vision_noise+goal_vs_corner,sentence_6[dataset_sample:pos_bucket:OTHER:length_1]:a->hi; sentence_10[dataset_sample:pos_bucket:OTHER:length_1]:And->ה; sentence_7[dataset_sample:pos_bucket:VERB:length_1]:is->blocking; sentence_3[dataset_sample:pos_bucket:VERB:length_1]:has->did; sentence_9[dataset_sample:pos_bucket:OTHER:length_1]:his->etc; sentence_2[dataset_sample:pos_bucket:NOUN:length_1]:play->breaking; sentence_1[dataset_sample:pos_bucket:OTHER:length_1]:that->er
xx6GTsEM,2,IM_9,GOAL,important,0.898919,"Scored his last three, including two against Udinese. On this ground. And Morial to bring Atalanta level. Does so. Paul Carman collected another lifeline for Atalanta. And we are all square. We expected goals in this tie. We've got four of them. And there's still 25 minutes to play.",scored his last three including two against udonese on this ground and morial to bring atalanta level and we are all square we expected goals in this tie we've got four of them and there's still 25 minutes to play,"You are watching a football match. Scored his last three, including two against Udinese. On this ground. And Morial to bring Atalanta level. Does so. Paul Carman collected another lifeline for Atalanta. And we are all square. We expected goals in this tie. We've got four of them. And there's still 25 minutes to play. What type of football event is shown? Answer goal or corner.",reproducing_code/vlm-circuits-analysis/data/goal/composites/xx6GTsEM/im/2/IM_9.png,goal,both,"You are watching a football match. Scored his last three, including two against Udinese. On this ground. Um Morial to bring Atalanta level. Does so. Paul Carman collected another lifeline for Atalanta. And we are all square. We expected goals in this tie. We've turn four everyone them. And therepeg still 25 deal to play. What type of football event is shown? Answer goal or corner.",reproducing_code/vlm-circuits-analysis/data/goal/composites_noisy_sigma0p12/xx6GTsEM/im/2/IM_9.png,corner,coverage_10pct+dataset_sample+qwen_same_token_length+vision_noise+goal_vs_corner,sentence_3[dataset_sample:pos_bucket:OTHER:length_1]:And->Um; sentence_8[dataset_sample:pos_bucket:OTHER:length_1]:of->everyone; sentence_9[dataset_sample:pos_bucket:NOUN:length_1]:minutes->deal; sentence_9[dataset_sample:pos_bucket:VERB:length_1]:'s->peg; sentence_8[dataset_sample:pos_bucket:VERB:length_1]:got->turn
UBdITpNb,1,IM_7,GOAL,important,0.998931,"Genk out of nothing could so easily there have been back on level terms. Genk's first corner, they are back on level terms now.",Genk out of nothing could so easily there have been back on level terms. Genk's first corner. They are back on level terms now.,"You are watching a football match. Genk out of nothing could so easily there have been back on level terms. Genk's first corner, they are back on level terms now. What type of football event is shown? Answer goal or corner.",reproducing_code/vlm-circuits-analysis/data/goal/composites/UBdITpNb/im/1/IM_7.png,goal,both,"You are watching a football match. Genk out of nothing could so easily there fail been back on level terms. Genk's first corner, they are back onto level terms possibly. What type of football event is shown? Answer goal or corner.",reproducing_code/vlm-circuits-analysis/data/goal/composites_noisy_sigma0p12/UBdITpNb/im/1/IM_7.png,corner,coverage_10pct+dataset_sample+qwen_same_token_length+vision_noise+goal_vs_corner,sentence_2[dataset_sample:pos_bucket:OTHER:length_1]:on->onto; sentence_1[dataset_sample:pos_bucket:VERB:length_1]:have->fail; sentence_2[dataset_sample:pos_bucket:ADV:length_1]:now->possibly
bZhxz4I5,2,IM_3,GOAL,important,0.806091,It's a fine goal. Robin Gosens started it and he finished it.,Auf Gosen's with a good ball in to Ily Check It's a fine goal. Robin Gosens started it and he finished it.,You are watching a football match. It's a fine goal. Robin Gosens started it and he finished it. What type of football event is shown? Answer goal or corner.,reproducing_code/vlm-circuits-analysis/data/goal/composites/bZhxz4I5/im/2/IM_3.png,goal,both,You are watching a football match. Itreads a fine work. Robin Gosens started it and he finished it. What type of football event is shown? Answer goal or corner.,reproducing_code/vlm-circuits-analysis/data/goal/composites_noisy_sigma0p12/bZhxz4I5/im/2/IM_3.png,corner,coverage_10pct+dataset_sample+qwen_same_token_length+vision_noise+goal_vs_corner,sentence_1[dataset_sample:pos_bucket:VERB:length_1]:'s->reads; sentence_1[dataset_sample:pos_bucket:NOUN:length_1]:goal->work
bBW7eQ6s,1,IM_2,GOAL,important,0.958105,"They've got the craft and guile to find a way past this Atalanta back line. Here's Alfred Duncan, lovely layoff, oh and it's a goal and it's put away by Berardi for Sassuolo.","They've got the craft and guile to find a way past this Atalanta back line. Here's Alfred Duncan. Lovely layoff. Oh, and it's a goal, and it's put away by Berradi for Sassuolo.","You are watching a football match. They've got the craft and guile to find a way past this Atalanta back line. Here's Alfred Duncan, lovely layoff, oh and it's a goal and it's put away by Berardi for Sassuolo. What type of football event is shown? Answer goal or corner.",reproducing_code/vlm-circuits-analysis/data/goal/composites/bBW7eQ6s/im/1/IM_2.png,goal,both,"You are watching a football match. They've got the craft and guile to find a way past this Atalanta back hair. Here's Bison Duncan, lovely layoff, near and it's a goal and it's put away by Maestro for Sassuolo. What type of football event is shown? Answer goal or corner.",reproducing_code/vlm-circuits-analysis/data/goal/composites_noisy_sigma0p12/bBW7eQ6s/im/1/IM_2.png,corner,coverage_10pct+dataset_sample+qwen_same_token_length+vision_noise+goal_vs_corner,sentence_3[dataset_sample:pos_bucket:OTHER:length_1]:oh->near; sentence_2[dataset_sample:pos_bucket:PROPN:length_2]:Alfred->Bison; sentence_1[dataset_sample:pos_bucket:NOUN:length_1]:line->hair; sentence_4[dataset_sample:pos_bucket:PROPN:length_2]:Berardi->Maestro
bevos1dM,2,IM_8,GOAL,important,0.885495,"Kometic puts out Hudson-Odoi. Nicely weighted ball to Willian. And it's Christian Pulisic into the danger area, it's in! Well, that's for the quota might have got the final...","Kovacic picks out Hudson-Odoi. Nicely weighted ball to Willian, and it's Christian Toulisic into the danger area, it's in!","You are watching a football match. Kometic puts out Hudson-Odoi. Nicely weighted ball to Willian. And it's Christian Pulisic into the danger area, it's in! Well, that's for the quota might have got the final... What type of football event is shown? Answer goal or corner.",reproducing_code/vlm-circuits-analysis/data/goal/composites/bevos1dM/im/2/IM_8.png,goal,both,"You are watching a football match. Kometic puts if Hudson-Odoi. Nicely weighted ball to Willian. And right's Christian Pulisic into right danger area, it's in! Well, that's for the quota might have got my final... What type of football event is shown? Answer goal or corner.",reproducing_code/vlm-circuits-analysis/data/goal/composites_noisy_sigma0p12/bevos1dM/im/2/IM_8.png,corner,coverage_10pct+dataset_sample+qwen_same_token_length+vision_noise+goal_vs_corner,sentence_1[dataset_sample:pos_bucket:OTHER:length_1]:out->if; sentence_3[dataset_sample:pos_bucket:OTHER:length_1]:it->right; sentence_4[dataset_sample:pos_bucket:OTHER:length_1]:the->my; sentence_3[dataset_sample:pos_bucket:OTHER:length_1]:the->right
hK46TwNp,1,IM_12,GOAL,important,0.847231,"And that second one, brilliant from Lacazette. It really is. Good pass for Chongen there with that one as well. Wonderful strike to Finlay.",and that second one brilliant from Lacazette it really is goes past for Chongan there with that one as well wonderful strike,"You are watching a football match. And that second one, brilliant from Lacazette. It really is. Good pass for Chongen there with that one as well. Wonderful strike to Finlay. What type of football event is shown? Answer goal or corner.",reproducing_code/vlm-circuits-analysis/data/goal/composites/hK46TwNp/im/1/IM_12.png,goal,both,"You are watching a football match. By that second one, brilliant from Lacazette. It really is. Good pass for Chongen online with that one as well. Wonderful strike to Seria. What type of football event is shown? Answer goal or corner.",reproducing_code/vlm-circuits-analysis/data/goal/composites_noisy_sigma0p12/hK46TwNp/im/1/IM_12.png,corner,coverage_10pct+dataset_sample+qwen_same_token_length+vision_noise+goal_vs_corner,sentence_1[dataset_sample:pos_bucket:OTHER:length_1]:And->By; sentence_4[dataset_sample:pos_bucket:PROPN:length_2]:Finlay->Seria; sentence_3[dataset_sample:pos_bucket:ADV:length_1]:there->online
ABcIbvu8,1,IM_4,GOAL,important,0.877990,Lovely layoff for Ozil. Chiarantini once again is on the scene. It's Obamayang. It's blocked by Bertrand. But Lacazette is there. And boy did Arsenal.,lovely layoff Aubameyang for Ozil for Ozil Kieran Tierney once again is on the scene it's Aubameyang it's blocked by Bertrand but Lacazette is there and boy did Arsenal,You are watching a football match. Lovely layoff for Ozil. Chiarantini once again is on the scene. It's Obamayang. It's blocked by Bertrand. But Lacazette is there. And boy did Arsenal. What type of football event is shown? Answer goal or corner.,reproducing_code/vlm-circuits-analysis/data/goal/composites/ABcIbvu8/im/1/IM_4.png,goal,both,You are watching a football match. Lovely tucks for Ozil. Chiarantini once again is on the defense. It's Obamayang. It's blocked by Demiral. But Lacazette is there. And boy did Arsenal. What type of football event is shown? Answer goal or corner.,reproducing_code/vlm-circuits-analysis/data/goal/composites_noisy_sigma0p12/ABcIbvu8/im/1/IM_4.png,corner,coverage_10pct+dataset_sample+qwen_same_token_length+vision_noise+goal_vs_corner,sentence_1[dataset_sample:pos_bucket:NOUN:length_2]:layoff->tucks; sentence_2[dataset_sample:pos_bucket:NOUN:length_1]:scene->defense; sentence_4[dataset_sample:pos_bucket:PROPN:length_2]:Bertrand->Demiral
63fde7Re,1,IM_2,GOAL,important,0.973480,"Of course, Lorenzo Pellegrini. Another Roma youth player and Roman born. Here comes the young Turk, Under. Cuts back inside, decent delivery, back here! OOOOOOOOH! What a goal from Pastore! That is well clear!","Of course, Lorenzo Pellegrini. Another Roma youth player and Roman born. Here comes a young Turk, Under. Cuts back inside. Decent delivery, back here! Oh! What a goal from Pastore! That is world class!","You are watching a football match. Of course, Lorenzo Pellegrini. Another Roma youth player and Roman born. Here comes the young Turk, Under. Cuts back inside, decent delivery, back here! OOOOOOOOH! What a goal from Pastore! That is well clear! What type of football event is shown? Answer goal or corner.",reproducing_code/vlm-circuits-analysis/data/goal/composites/63fde7Re/im/1/IM_2.png,goal,both,"You are watching a football match. Of course, Lorenzo Pellegrini. Another José youth player and Roman born. More comes the young Turk, Under. Cuts back inside, decent stack, back here! DIKARMADÉ! What a goal from Pastore! That is well clear! What type of football event is shown? Answer goal or corner.",reproducing_code/vlm-circuits-analysis/data/goal/composites_noisy_sigma0p12/63fde7Re/im/1/IM_2.png,corner,coverage_10pct+dataset_sample+qwen_same_token_length+vision_noise+goal_vs_corner,sentence_4[dataset_sample:pos_bucket:NOUN:length_1]:delivery->stack; sentence_2[dataset_sample:pos_bucket:PROPN:length_2]:Roma->José; sentence_3[dataset_sample:pos_bucket:ADV:length_1]:Here->More; sentence_5[dataset_sample:pos_bucket:PROPN:length_5]:OOOOOOOOH->DIKARMADÉ
G6wyC3XE,1,IM_7,GOAL,important,0.464370,"Andy Robertson manages to pull it back, it's gone all the way across and Neto! Stuns Anfield with an equaliser right on the brink of...","and manages to pull it back, it's gone all the way across, and Nitto!","You are watching a football match. Andy Robertson manages to pull it back, it's gone all the way across and Neto! Stuns Anfield with an equaliser right on the brink of... What type of football event is shown? Answer goal or corner.",reproducing_code/vlm-circuits-analysis/data/goal/composites/G6wyC3XE/im/1/IM_7.png,goal,both,"You are watching a football match. Andy Robertson manages to pull it back, it's gone all the way purely and Neto! Stuns Anfield both an rigours right on the brink of... What type of football event is shown? Answer goal or corner.",reproducing_code/vlm-circuits-analysis/data/goal/composites_noisy_sigma0p12/G6wyC3XE/im/1/IM_7.png,corner,coverage_10pct+dataset_sample+qwen_same_token_length+vision_noise+goal_vs_corner,sentence_2[dataset_sample:pos_bucket:NOUN:length_2]:equaliser->rigours; sentence_1[dataset_sample:pos_bucket:ADV:length_2]:across->purely; sentence_2[dataset_sample:pos_bucket:OTHER:length_1]:with->both
GEF9XGeE,1,IM_4,GOAL,important,0.609006,In up! That's a sensational goal!,that's a sensational goal,You are watching a football match. In up! That's a sensational goal! What type of football event is shown? Answer goal or corner.,reproducing_code/vlm-circuits-analysis/data/goal/composites/GEF9XGeE/im/1/IM_4.png,goal,both,You are watching a football match. לה up! That's a sensational goal! What type of football event is shown? Answer goal or corner.,reproducing_code/vlm-circuits-analysis/data/goal/composites_noisy_sigma0p12/GEF9XGeE/im/1/IM_4.png,corner,coverage_10pct+dataset_sample+qwen_same_token_length+vision_noise+goal_vs_corner,sentence_1[dataset_sample:pos_bucket:OTHER:length_1]:In->לה
fN94DUin,2,IM_11,GOAL,important,0.970647,"28 goals between them now this season. 25 of those seeing Serie A. That's Kuchka, oh it's in!",28 goals between them now this season. 25 of those seeing Serie A. That's Kuchka.,"You are watching a football match. 28 goals between them now this season. 25 of those seeing Serie A. That's Kuchka, oh it's in! What type of football event is shown? Answer goal or corner.",reproducing_code/vlm-circuits-analysis/data/goal/composites/fN94DUin/im/2/IM_11.png,goal,both,"You are watching a football match. 28 bug between them now this season. 25 of those seeing Serie A. That's Zilinski, oh it's in! What type of football event is shown? Answer goal or corner.",reproducing_code/vlm-circuits-analysis/data/goal/composites_noisy_sigma0p12/fN94DUin/im/2/IM_11.png,corner,coverage_10pct+dataset_sample+qwen_same_token_length+vision_noise+goal_vs_corner,sentence_1[dataset_sample:pos_bucket:NOUN:length_1]:goals->bug; sentence_3[dataset_sample:pos_bucket:PROPN:length_3]:Kuchka->Zilinski
63fde7Re,1,IM_6,GOAL,important,0.645654,"Ancini, that's done. Jump into midfield again, Atalanta win it in there. Off they go again, spreading the play, Roma stretched once more. Zapata's got the pace here, maybe. Gets a shot away off the pause! And it turns!",Zapat has got the pace here maybe. Gets a shot away off the post. And it turns home. Castan following up. And Atalanta deservedly back on level terms. Well you've got to say that was coming. Roma were slack at the back. And Zapatan. Didn't need to be asked twice to fire off the shot. Castan following up. Well you've got to say that was coming.,"You are watching a football match. Ancini, that's done. Jump into midfield again, Atalanta win it in there. Off they go again, spreading the play, Roma stretched once more. Zapata's got the pace here, maybe. Gets a shot away off the pause! And it turns! What type of football event is shown? Answer goal or corner.",reproducing_code/vlm-circuits-analysis/data/goal/composites/63fde7Re/im/1/IM_6.png,goal,both,"You are watching a football match. Ancini, that's done. Jump into midfield again, Atalanta connect it in sort. Off they go again, dared the play, Roma stretched about more. Zapata's got eight pace here, maybe. Gets a shot away off the pause! And it turns! What type of football event is shown? Answer goal or corner.",reproducing_code/vlm-circuits-analysis/data/goal/composites_noisy_sigma0p12/63fde7Re/im/1/IM_6.png,corner,coverage_10pct+dataset_sample+qwen_same_token_length+vision_noise+goal_vs_corner,sentence_2[dataset_sample:pos_bucket:VERB:length_1]:win->connect; sentence_3[dataset_sample:pos_bucket:ADV:length_1]:once->about; sentence_3[dataset_sample:pos_bucket:VERB:length_2]:spreading->dared; sentence_4[dataset_sample:pos_bucket:OTHER:length_1]:the->eight; sentence_2[dataset_sample:pos_bucket:ADV:length_1]:there->sort
4rxwHJn7,2,IM_14,GOAL,important,0.335536,As Diwala delivers! And Dilic makes up.,As Dubal delivers! And De Ligt makes absolutely short.,You are watching a football match. As Diwala delivers! And Dilic makes up. What type of football event is shown? Answer goal or corner.,reproducing_code/vlm-circuits-analysis/data/goal/composites/4rxwHJn7/im/2/IM_14.png,goal,both,You are watching a football match. As Ranci delivers! And Dilic makes up. What type of football event is shown? Answer goal or corner.,reproducing_code/vlm-circuits-analysis/data/goal/composites_noisy_sigma0p12/4rxwHJn7/im/2/IM_14.png,corner,coverage_10pct+dataset_sample+qwen_same_token_length+vision_noise+goal_vs_corner,sentence_1[dataset_sample:pos_bucket:PROPN:length_3]:Diwala->Ranci
Yo4Xirtq,1,IM_6,GOAL,important,0.749742,"I'll see whether Leno can stop it. Here's the steady run up and a little place into the corner. And it's Mr Corr listening from the penalty spot, Giorginio. It's Chelsea 1, Arsenal 0 and Arsenal down to ten men.","We'll see whether Leno can stop it. Here's the steady run-up. And a little place into the corner. And he's missed a call, isn't he, from the penalty spot, Giorginio.","You are watching a football match. I'll see whether Leno can stop it. Here's the steady run up and a little place into the corner. And it's Mr Corr listening from the penalty spot, Giorginio. It's Chelsea 1, Arsenal 0 and Arsenal down to ten men. What type of football event is shown? Answer goal or corner.",reproducing_code/vlm-circuits-analysis/data/goal/composites/Yo4Xirtq/im/1/IM_6.png,goal,both,"You are watching a football match. I'll see whether Leno can stop it. Here's the safe stroke up and a little place into the corner. And anything's Mr Shakov listening from the penalty spot, Giorginio. It's Chelsea 1, Arsenal 0 and Arsenal mighty to ten men. What type of football event is shown? Answer goal or corner.",reproducing_code/vlm-circuits-analysis/data/goal/composites_noisy_sigma0p12/Yo4Xirtq/im/1/IM_6.png,corner,coverage_10pct+dataset_sample+qwen_same_token_length+vision_noise+goal_vs_corner,sentence_3[dataset_sample:pos_bucket:OTHER:length_1]:it->anything; sentence_3[dataset_sample:pos_bucket:PROPN:length_2]:Corr->Shakov; sentence_4[dataset_sample:pos_bucket:ADV:length_1]:down->mighty; sentence_2[dataset_sample:pos_bucket:NOUN:length_1]:run->stroke; sentence_2[dataset_sample:pos_bucket:ADJ:length_1]:steady->safe
reYzH7wg,1,IM_10,GOAL,important,0.732830,It's his favorite foot and he powered it in. Szczesny can only power it out dangerously back into the middle.,It's his favoured foot. And he powered it in. Czesny could only parry it out dangerously back into the middle.,You are watching a football match. It's his favorite foot and he powered it in. Szczesny can only power it out dangerously back into the middle. What type of football event is shown? Answer goal or corner.,reproducing_code/vlm-circuits-analysis/data/goal/composites/reYzH7wg/im/1/IM_10.png,goal,both,You are watching a football match. Um's his favorite foot and he powered it in. Szczesny can once power it out dangerously particularly into the middle. What type of football event is shown? Answer goal or corner.,reproducing_code/vlm-circuits-analysis/data/goal/composites_noisy_sigma0p12/reYzH7wg/im/1/IM_10.png,corner,coverage_10pct+dataset_sample+qwen_same_token_length+vision_noise+goal_vs_corner,sentence_2[dataset_sample:pos_bucket:ADV:length_1]:back->particularly; sentence_1[dataset_sample:pos_bucket:OTHER:length_1]:It->Um; sentence_2[dataset_sample:pos_bucket:ADV:length_1]:only->once
0jJj5Mme,2,IM_16,GOAL,important,1.000000,This is becoming something very noteworthy. Six goals to nil on the road.,This is becoming something very noteworthy. Six goals to nil on the road.,You are watching a football match. This is becoming something very noteworthy. Six goals to nil on the road. What type of football event is shown? Answer goal or corner.,reproducing_code/vlm-circuits-analysis/data/goal/composites/0jJj5Mme/im/2/IM_16.png,goal,both,You are watching a football match. This is becoming by very noteworthy. Six channels to nil on the road. What type of football event is shown? Answer goal or corner.,reproducing_code/vlm-circuits-analysis/data/goal/composites_noisy_sigma0p12/0jJj5Mme/im/2/IM_16.png,corner,coverage_10pct+dataset_sample+qwen_same_token_length+vision_noise+goal_vs_corner,sentence_2[dataset_sample:pos_bucket:NOUN:length_1]:goals->channels; sentence_1[dataset_sample:pos_bucket:OTHER:length_1]:something->by
l0uNkr78,2,IM_4,GOAL,important,0.796239,Watch the ball end up in the back of the net. Wow.,the ball end up in the back of the net.,You are watching a football match. Watch the ball end up in the back of the net. Wow. What type of football event is shown? Answer goal or corner.,reproducing_code/vlm-circuits-analysis/data/goal/composites/l0uNkr78/im/2/IM_4.png,goal,both,You are watching a football match. Watch the ball end up in the problem of the net. Six. What type of football event is shown? Answer goal or corner.,reproducing_code/vlm-circuits-analysis/data/goal/composites_noisy_sigma0p12/l0uNkr78/im/2/IM_4.png,corner,coverage_10pct+dataset_sample+qwen_same_token_length+vision_noise+goal_vs_corner,sentence_1[dataset_sample:pos_bucket:NOUN:length_1]:back->problem; sentence_2[dataset_sample:pos_bucket:OTHER:length_1]:Wow->Six
ChTFpiaS,1,IM_1,GOAL,important,0.952936,"Romeo, Danny Ings, and Redmond has no one to hit in the middle, has to wait for support, including Armstrong, and it's dropped and Wattrouse pounces. A rare moment of joy in a miserable week for Southampton.",Romeo Danny Ings and Redmond has no one to hit in the middle has to wait for support including Armstrong and it's dropped and Ward Troush pounces a rare moment of joy in a miserable week for Southampton,"You are watching a football match. Romeo, Danny Ings, and Redmond has no one to hit in the middle, has to wait for support, including Armstrong, and it's dropped and Wattrouse pounces. A rare moment of joy in a miserable week for Southampton. What type of football event is shown? Answer goal or corner.",reproducing_code/vlm-circuits-analysis/data/goal/composites/ChTFpiaS/im/1/IM_1.png,goal,both,"You are watching a football match. Romeo, Danny Ings, and Redmond filled no one to hit in the middle, has to wait for support, fly Armstrong, and it's dropped another Kourame pounces. A rare moment of joy in a miserable week for Southampton. What type of football event is shown? Answer goal or corner.",reproducing_code/vlm-circuits-analysis/data/goal/composites_noisy_sigma0p12/ChTFpiaS/im/1/IM_1.png,corner,coverage_10pct+dataset_sample+qwen_same_token_length+vision_noise+goal_vs_corner,sentence_1[dataset_sample:pos_bucket:OTHER:length_1]:and->another; sentence_1[dataset_sample:pos_bucket:VERB:length_1]:including->fly; sentence_1[dataset_sample:pos_bucket:VERB:length_1]:has->filled; sentence_1[dataset_sample:pos_bucket:PROPN:length_3]:Wattrouse->Kourame
0jJj5Mme,1,IM_10,GOAL,important,0.976865,A wonderful strike from the edge of the box. Atalanta have been rampant and now they have a second goal to show.,a wonderful strike from the edge of the box Atalanta have been rampant and now they have a second goal to show for it,You are watching a football match. A wonderful strike from the edge of the box. Atalanta have been rampant and now they have a second goal to show. What type of football event is shown? Answer goal or corner.,reproducing_code/vlm-circuits-analysis/data/goal/composites/0jJj5Mme/im/1/IM_10.png,goal,both,You are watching a football match. A wonderful strike from the edge of the box. Atalanta offer been rampant and now they have a second running he show. What type of football event is shown? Answer goal or corner.,reproducing_code/vlm-circuits-analysis/data/goal/composites_noisy_sigma0p12/0jJj5Mme/im/1/IM_10.png,corner,coverage_10pct+dataset_sample+qwen_same_token_length+vision_noise+goal_vs_corner,sentence_2[dataset_sample:pos_bucket:OTHER:length_1]:to->he; sentence_2[dataset_sample:pos_bucket:VERB:length_1]:have->offer; sentence_2[dataset_sample:pos_bucket:NOUN:length_1]:goal->running
UcZVYDFH,2,IM_5,GOAL,important,1.000000,Against Ospina. Rolled into the corner from Andrea Bellotti. He may have missed three of his last four penalties.,Against Ospina. Rolled into the corner from Andrea Bellotti. He may have missed three of his last four penalties.,You are watching a football match. Against Ospina. Rolled into the corner from Andrea Bellotti. He may have missed three of his last four penalties. What type of football event is shown? Answer goal or corner.,reproducing_code/vlm-circuits-analysis/data/goal/composites/UcZVYDFH/im/2/IM_5.png,goal,both,You are watching a football match. Ajax Ospina. Rolled into the corner from Andrea Bellotti. He may have prevented three of his last four penalties. What type of football event is shown? Answer goal or corner.,reproducing_code/vlm-circuits-analysis/data/goal/composites_noisy_sigma0p12/UcZVYDFH/im/2/IM_5.png,corner,coverage_10pct+dataset_sample+qwen_same_token_length+vision_noise+goal_vs_corner,sentence_3[dataset_sample:pos_bucket:VERB:length_2]:missed->prevented; sentence_1[dataset_sample:pos_bucket:PROPN:length_1]:Against->Ajax
Yo4Xirtq,2,IM_5,GOAL,important,0.954366,"He's travelling into the area anyway so he's up and about. What a short Chelsea, corner high, squeezed in, it has been a quarter. When Chelsea needed him, the captain steps up with the goal. Chelsea 2, Arsenal 1. It was a bit of a mess this split because Tammy Abraham's in the offside position.","He's travelling into the area anyway, so he's up and about. What a short Chelsea. Corner high, squeezed in. It has Belakweta. And when Chelsea needed him, the captain steps up with the goal. Chelsea 2, Arsenal 1. It was a bit of a mess this split because Tammy Abraham's in the offside position,","You are watching a football match. He's travelling into the area anyway so he's up and about. What a short Chelsea, corner high, squeezed in, it has been a quarter. When Chelsea needed him, the captain steps up with the goal. Chelsea 2, Arsenal 1. It was a bit of a mess this split because Tammy Abraham's in the offside position. What type of football event is shown? Answer goal or corner.",reproducing_code/vlm-circuits-analysis/data/goal/composites/Yo4Xirtq/im/2/IM_5.png,goal,both,"You are watching a football match. He's travelling into the area anyway so heswitch up and about. What during short Chelsea, corner high, squeezed in, it has been a quarter. When Chelsea needed him, the captain drive back with that goal. Chelsea 2, Arsenal 1. It was a bit of a mess this split over Tammy Abraham's in the offside position. What type of football event is shown? Answer goal or corner.",reproducing_code/vlm-circuits-analysis/data/goal/composites_noisy_sigma0p12/Yo4Xirtq/im/2/IM_5.png,corner,coverage_10pct+dataset_sample+qwen_same_token_length+vision_noise+goal_vs_corner,sentence_3[dataset_sample:pos_bucket:OTHER:length_1]:a->during; sentence_4[dataset_sample:pos_bucket:VERB:length_1]:steps->drive; sentence_6[dataset_sample:pos_bucket:OTHER:length_1]:because->over; sentence_4[dataset_sample:pos_bucket:OTHER:length_1]:the->that; sentence_2[dataset_sample:pos_bucket:VERB:length_1]:'s->switch; sentence_4[dataset_sample:pos_bucket:OTHER:length_1]:up->back
6ZIJp6HI,2,IM_2,GOAL,important,0.835736,"Looking a little bit tired and leggy in that midfielder. Here goes Felipe Anderson again, the Brazilian. Is this the moment? It most certainly is. And for him too, the wait is over. Felipe Anderson...",looking a little bit tired and leggy in that midfielder here goes felipe anderson again the brazilian is this the moment it most certainly is and for him too the weight is over felipe anderson,"You are watching a football match. Looking a little bit tired and leggy in that midfielder. Here goes Felipe Anderson again, the Brazilian. Is this the moment? It most certainly is. And for him too, the wait is over. Felipe Anderson... What type of football event is shown? Answer goal or corner.",reproducing_code/vlm-circuits-analysis/data/goal/composites/6ZIJp6HI/im/2/IM_2.png,goal,both,"You are watching a football match. Looking a little bit tired and cop과 in that disguise. Here goes Felipe Anderson again, the Brazilian. Is this the moment? It most certainly is. Them for him inside, the wait is over. Felipe Anderson... What type of football event is shown? Answer goal or corner.",reproducing_code/vlm-circuits-analysis/data/goal/composites_noisy_sigma0p12/6ZIJp6HI/im/2/IM_2.png,corner,coverage_10pct+dataset_sample+qwen_same_token_length+vision_noise+goal_vs_corner,sentence_1[dataset_sample:pos_bucket:ADJ:length_2]:leggy->cop과; sentence_1[dataset_sample:pos_bucket:NOUN:length_3]:midfielder->disguise; sentence_5[dataset_sample:pos_bucket:ADV:length_1]:too->inside; sentence_5[dataset_sample:pos_bucket:OTHER:length_1]:And->Them
OziK3ff0,1,IM_1,GOAL,important,0.844092,"It seems it's going to be able to be sustained. This is Cigarini now, looking for the options. A lot of space, but Nyangolam works it through. Oh, yes! Oh, what a goal! Cagliari ripped Fiorentina open. And that is Champions League quality football.",It seems it's going to be able to be sustained. This is Cigarini now. Looking for the options. A lot of space. But Nyangolam works it through. Rob. Oh yes. Oh what a goal. Cagliari ripped Fiorentina open.,"You are watching a football match. It seems it's going to be able to be sustained. This is Cigarini now, looking for the options. A lot of space, but Nyangolam works it through. Oh, yes! Oh, what a goal! Cagliari ripped Fiorentina open. And that is Champions League quality football. What type of football event is shown? Answer goal or corner.",reproducing_code/vlm-circuits-analysis/data/goal/composites/OziK3ff0/im/1/IM_1.png,goal,both,"You are watching a football match. It seems it's going to tie able to be separates. This is Cigarini now, looking for the options. A lot of slider, but Nyangolam works it unless. Oh, out! Oh, what a goal! Cagliari ripped Fiorentina open. And that is Champions League quality football. What type of football event is shown? Answer goal or corner.",reproducing_code/vlm-circuits-analysis/data/goal/composites_noisy_sigma0p12/OziK3ff0/im/1/IM_1.png,corner,coverage_10pct+dataset_sample+qwen_same_token_length+vision_noise+goal_vs_corner,sentence_3[dataset_sample:pos_bucket:OTHER:length_1]:through->unless; sentence_1[dataset_sample:pos_bucket:VERB:length_3]:sustained->separates; sentence_4[dataset_sample:pos_bucket:OTHER:length_1]:yes->out; sentence_3[dataset_sample:pos_bucket:NOUN:length_1]:space->slider; sentence_1[dataset_sample:pos_bucket:VERB:length_1]:be->tie
pU7DyBbB,1,IM_3,GOAL,important,0.894841,"Lucas Leiva getting forward, Carola gets the first cross in, just follows it up and there's the finish, no chance for the goalkeeper, Gallini. Caicedo does really well for him as well.",Lucas Leva getting forward Pirolo gets the first cross in just follows it up and there's the finish no chance for the goalkeeper Gallini Caicedo does really well for him as well,"You are watching a football match. Lucas Leiva getting forward, Carola gets the first cross in, just follows it up and there's the finish, no chance for the goalkeeper, Gallini. Caicedo does really well for him as well. What type of football event is shown? Answer goal or corner.",reproducing_code/vlm-circuits-analysis/data/goal/composites/pU7DyBbB/im/1/IM_3.png,goal,both,"You are watching a football match. Lucas Leiva getting forward, Norwood gets the first cross in, just follows it up and there's the finish, no chance for four goalkeeper, Gallini. Caicedo does really well for three as bold. What type of football event is shown? Answer goal or corner.",reproducing_code/vlm-circuits-analysis/data/goal/composites_noisy_sigma0p12/pU7DyBbB/im/1/IM_3.png,corner,coverage_10pct+dataset_sample+qwen_same_token_length+vision_noise+goal_vs_corner,sentence_2[dataset_sample:pos_bucket:ADV:length_1]:well->bold; sentence_1[dataset_sample:pos_bucket:PROPN:length_2]:Carola->Norwood; sentence_1[dataset_sample:pos_bucket:OTHER:length_1]:the->four; sentence_2[dataset_sample:pos_bucket:OTHER:length_1]:him->three
xx6GTsEM,2,IM_13,GOAL,important,0.854898,Alamino. It's a lovely little threat. Jim City! Atalanta has won it at the deck!,Alamino puts it in it's a lovely little threat Jim City Atalanta have won it at the deck,You are watching a football match. Alamino. It's a lovely little threat. Jim City! Atalanta has won it at the deck! What type of football event is shown? Answer goal or corner.,reproducing_code/vlm-circuits-analysis/data/goal/composites/xx6GTsEM/im/2/IM_13.png,goal,both,You are watching a football match. Craftsman. It's a lovely little threat. Jim City! Atalanta plants won it at the deck! What type of football event is shown? Answer goal or corner.,reproducing_code/vlm-circuits-analysis/data/goal/composites_noisy_sigma0p12/xx6GTsEM/im/2/IM_13.png,corner,coverage_10pct+dataset_sample+qwen_same_token_length+vision_noise+goal_vs_corner,sentence_1[dataset_sample:pos_bucket:NOUN:length_3]:Alamino->Craftsman; sentence_4[dataset_sample:pos_bucket:VERB:length_1]:has->plants
nsbnKlSp,1,IM_2,GOAL,important,0.980472,Here's Vecino. Now Perisic looking to float that cross into Martinez. And Vecino hammers it home.,here's Vecino now Perisic looking to float that cross into Martinez and Vecino hammers it home,You are watching a football match. Here's Vecino. Now Perisic looking to float that cross into Martinez. And Vecino hammers it home. What type of football event is shown? Answer goal or corner.,reproducing_code/vlm-circuits-analysis/data/goal/composites/nsbnKlSp/im/1/IM_2.png,goal,both,You are watching a football match. Here's Vecino. Now Perisic jump to double that cross into Martinez. And Vecino hammers it home. What type of football event is shown? Answer goal or corner.,reproducing_code/vlm-circuits-analysis/data/goal/composites_noisy_sigma0p12/nsbnKlSp/im/1/IM_2.png,corner,coverage_10pct+dataset_sample+qwen_same_token_length+vision_noise+goal_vs_corner,sentence_2[dataset_sample:pos_bucket:VERB:length_1]:float->double; sentence_2[dataset_sample:pos_bucket:VERB:length_1]:looking->jump
ChTFpiaS,2,IM_11,GOAL,important,0.921123,Foden. Foden. Anchor leader. It's up there for Jesus. It might fall for City. He does. Manchester City find a way through.,Foden Foden anchor leader it's up there for Jesus it might fall for City it does Manchester City find a way through,You are watching a football match. Foden. Foden. Anchor leader. It's up there for Jesus. It might fall for City. He does. Manchester City find a way through. What type of football event is shown? Answer goal or corner.,reproducing_code/vlm-circuits-analysis/data/goal/composites/ChTFpiaS/im/2/IM_11.png,goal,both,You are watching a football match. Foden. Foden. Header leader. De's up there for Under. It might fall for City. He does. Manchester City find a way through. What type of football event is shown? Answer goal or corner.,reproducing_code/vlm-circuits-analysis/data/goal/composites_noisy_sigma0p12/ChTFpiaS/im/2/IM_11.png,corner,coverage_10pct+dataset_sample+qwen_same_token_length+vision_noise+goal_vs_corner,sentence_4[dataset_sample:pos_bucket:OTHER:length_1]:It->De; sentence_3[dataset_sample:pos_bucket:PROPN:length_1]:Anchor->Header; sentence_4[dataset_sample:pos_bucket:PROPN:length_1]:Jesus->Under
bBW7eQ6s,1,IM_4,GOAL,important,0.960185,"Spots of rain falling from the sky on Zapata. Finally bundles it over the line. It looked as if the chance had gone, but finally he found a way to get the ball over the line.",Spits and spots of rain falling from the sky. And Zapata. Finally bundles it over the line. It looked as if the chance had gone. But finally. He found a way to get the ball over the line.,"You are watching a football match. Spots of rain falling from the sky on Zapata. Finally bundles it over the line. It looked as if the chance had gone, but finally he found a way to get the ball over the line. What type of football event is shown? Answer goal or corner.",reproducing_code/vlm-circuits-analysis/data/goal/composites/bBW7eQ6s/im/1/IM_4.png,goal,both,"You are watching a football match. Bumping of rain falling from the sky on Lazani. Finally bundles it over the line. It looked as if the chance crafted gone, but finally he rolls a way to get the ball over the line. What type of football event is shown? Answer goal or corner.",reproducing_code/vlm-circuits-analysis/data/goal/composites_noisy_sigma0p12/bBW7eQ6s/im/1/IM_4.png,corner,coverage_10pct+dataset_sample+qwen_same_token_length+vision_noise+goal_vs_corner,sentence_3[dataset_sample:pos_bucket:VERB:length_1]:found->rolls; sentence_1[dataset_sample:pos_bucket:NOUN:length_2]:Spots->Bumping; sentence_3[dataset_sample:pos_bucket:VERB:length_1]:had->crafted; sentence_1[dataset_sample:pos_bucket:PROPN:length_3]:Zapata->Lazani
r9gYBR53,1,IM_2,GOAL,important,0.920617,"Hernandez losing out there. Sanabria. Decent run, it's a good ball made. And there's the opening goal. And it's tucked away by Goran Pande.",but Hernandez losing out there. Sanabria. Decent run from Mizra. Good ball made. And there's the opening goal. And it's tucked away by Goran Pandev.,"You are watching a football match. Hernandez losing out there. Sanabria. Decent run, it's a good ball made. And there's the opening goal. And it's tucked away by Goran Pande. What type of football event is shown? Answer goal or corner.",reproducing_code/vlm-circuits-analysis/data/goal/composites/r9gYBR53/im/1/IM_2.png,goal,both,"You are watching a football match. Hernandez losing without there. Sanabria. Parried run, it's a good ball made. And there's sorry opening goal. And it's tucked away by Goran Pande. What type of football event is shown? Answer goal or corner.",reproducing_code/vlm-circuits-analysis/data/goal/composites_noisy_sigma0p12/r9gYBR53/im/1/IM_2.png,corner,coverage_10pct+dataset_sample+qwen_same_token_length+vision_noise+goal_vs_corner,sentence_4[dataset_sample:pos_bucket:OTHER:length_1]:the->sorry; sentence_3[dataset_sample:pos_bucket:ADJ:length_2]:Decent->Parried; sentence_1[dataset_sample:pos_bucket:OTHER:length_1]:out->without
ABcIbvu8,1,IM_1,GOAL,important,0.984416,"Ward Prowse, Bertrand, Redmond. It's going to be a free kick in fact. The referee happy for Southampton to take it quickly. It's Danny Ings! And it's a brilliant start for Southampton!",Ward-Prowse. Bertrand. Redmond. It's going to be a free kick in fact. The referee happy for Southampton to take it quickly. It's Danny Ings! And it's a brilliant start for Southampton.,"You are watching a football match. Ward Prowse, Bertrand, Redmond. It's going to be a free kick in fact. The referee happy for Southampton to take it quickly. It's Danny Ings! And it's a brilliant start for Southampton! What type of football event is shown? Answer goal or corner.",reproducing_code/vlm-circuits-analysis/data/goal/composites/ABcIbvu8/im/1/IM_1.png,goal,both,"You are watching a football match. Ward Vai, Bertrand, Redmond. It's describe to be a free kick in fact. The referee happy for Southampton to take it quickly. Itfell Danny Ings! And two's a brilliant start for Southampton! What type of football event is shown? Answer goal or corner.",reproducing_code/vlm-circuits-analysis/data/goal/composites_noisy_sigma0p12/ABcIbvu8/im/1/IM_1.png,corner,coverage_10pct+dataset_sample+qwen_same_token_length+vision_noise+goal_vs_corner,sentence_5[dataset_sample:pos_bucket:OTHER:length_1]:it->two; sentence_4[dataset_sample:pos_bucket:VERB:length_1]:'s->fell; sentence_2[dataset_sample:pos_bucket:VERB:length_1]:going->describe; sentence_1[dataset_sample:pos_bucket:PROPN:length_2]:Prowse->Vai
IwW928Oa,2,IM_15,GOAL,important,0.996251,"Slides it into the back of the net. City cruising, one of their easiest and best away performances.",Slides it into the back of the net. City cruising. One of their easiest and best away performances.,"You are watching a football match. Slides it into the back of the net. City cruising, one of their easiest and best away performances. What type of football event is shown? Answer goal or corner.",reproducing_code/vlm-circuits-analysis/data/goal/composites/IwW928Oa/im/2/IM_15.png,goal,both,"You are watching a football match. Slides outside into the back of the net. City cruising, one of their easiest and best away rumours. What type of football event is shown? Answer goal or corner.",reproducing_code/vlm-circuits-analysis/data/goal/composites_noisy_sigma0p12/IwW928Oa/im/2/IM_15.png,corner,coverage_10pct+dataset_sample+qwen_same_token_length+vision_noise+goal_vs_corner,sentence_1[dataset_sample:pos_bucket:OTHER:length_1]:it->outside; sentence_2[dataset_sample:pos_bucket:NOUN:length_2]:performances->rumours
Ov5idmCk,1,IM_5,GOAL,important,0.571857,Brilliant finish. Ospina beaten by Giacomo Bonaventura. And Milan have the lead at the San Paolo. What a magnificent finish this is.,Brilliant finish. What a magnificent finish this is.,You are watching a football match. Brilliant finish. Ospina beaten by Giacomo Bonaventura. And Milan have the lead at the San Paolo. What a magnificent finish this is. What type of football event is shown? Answer goal or corner.,reproducing_code/vlm-circuits-analysis/data/goal/composites/Ov5idmCk/im/1/IM_5.png,goal,both,You are watching a football match. Brilliant finish. Ospina beaten by Broyder Bonaventura. And Milan have the path at the Football Paolo. What a magnificent finish this is. What type of football event is shown? Answer goal or corner.,reproducing_code/vlm-circuits-analysis/data/goal/composites_noisy_sigma0p12/Ov5idmCk/im/1/IM_5.png,corner,coverage_10pct+dataset_sample+qwen_same_token_length+vision_noise+goal_vs_corner,sentence_3[dataset_sample:pos_bucket:NOUN:length_1]:lead->path; sentence_3[dataset_sample:pos_bucket:PROPN:length_1]:San->Football; sentence_2[dataset_sample:pos_bucket:PROPN:length_3]:Giacomo->Broyder
KIMzryr9,2,IM_8,GOAL,important,0.908467,"So just watch this, they give the ball away, Candrever's down that right-hand side, now Weigl here drops in, watch, he runs, plays everybody onside, if he steps up with Hummels, they're offside, still a lot to do from Candrever, but he picks his spot, buries it in that top left-hand corner of Berkey's guard.",So just watch this they give the ball away Candreva's down that right-hand side though Weigl here drops in watch he runs plays everybody on side if he steps up with Hummels they're offside still a lot to do from Candreva but he picks his spot,"You are watching a football match. So just watch this, they give the ball away, Candrever's down that right-hand side, now Weigl here drops in, watch, he runs, plays everybody onside, if he steps up with Hummels, they're offside, still a lot to do from Candrever, but he picks his spot, buries it in that top left-hand corner of Berkey's guard. What type of football event is shown? Answer goal or corner.",reproducing_code/vlm-circuits-analysis/data/goal/composites/KIMzryr9/im/2/IM_8.png,goal,both,"You are watching a football match. Ever just watch someone, they give the ball away, Candrever's down that half-hand side, now Alpedro south drops in, watch, he runs, plays everybody onside, if he steps up with Hummels, they're offside, still a lot to do from Candrever, although he picks his spot, buries it in that top left-hand corner of Berkey's guard. What type of football event is shown? Answer goal or corner.",reproducing_code/vlm-circuits-analysis/data/goal/composites_noisy_sigma0p12/KIMzryr9/im/2/IM_8.png,corner,coverage_10pct+dataset_sample+qwen_same_token_length+vision_noise+goal_vs_corner,sentence_1[dataset_sample:pos_bucket:PROPN:length_3]:Weigl->Alpedro; sentence_1[dataset_sample:pos_bucket:OTHER:length_1]:this->someone; sentence_1[dataset_sample:pos_bucket:OTHER:length_1]:but->although; sentence_1[dataset_sample:pos_bucket:ADV:length_1]:here->south; sentence_1[dataset_sample:pos_bucket:ADV:length_1]:So->Ever; sentence_1[dataset_sample:pos_bucket:ADJ:length_1]:right->half
4rxwHJn7,2,IM_9,GOAL,important,0.714727,Two up. Chirintina need a hero. And Ronaldo beat Strongovski with ease. Six points will be the margin. As Juve ease into a comfortable lead both here and for now at least in the Serie A.,And he's got a goal. He's got a goal. He's got a goal. He's got a goal. He's got a goal. Six points will be the margin. As Juve ease into a comfortable lead both here and for now at least in the Serie A table.,You are watching a football match. Two up. Chirintina need a hero. And Ronaldo beat Strongovski with ease. Six points will be the margin. As Juve ease into a comfortable lead both here and for now at least in the Serie A. What type of football event is shown? Answer goal or corner.,reproducing_code/vlm-circuits-analysis/data/goal/composites/4rxwHJn7/im/2/IM_9.png,goal,both,You are watching a football match. Two up. Chirintina need a middle. And Ronaldo beat Strongovski with ease. With points will be there margin. As Juve ease into a comfortable lead both alone and for now at least in the Serie A. What type of football event is shown? Answer goal or corner.,reproducing_code/vlm-circuits-analysis/data/goal/composites_noisy_sigma0p12/4rxwHJn7/im/2/IM_9.png,corner,coverage_10pct+dataset_sample+qwen_same_token_length+vision_noise+goal_vs_corner,sentence_2[dataset_sample:pos_bucket:NOUN:length_1]:hero->middle; sentence_5[dataset_sample:pos_bucket:ADV:length_1]:here->alone; sentence_4[dataset_sample:pos_bucket:OTHER:length_1]:the->there; sentence_4[dataset_sample:pos_bucket:OTHER:length_1]:Six->With
ABcIbvu8,2,IM_9,GOAL,important,0.873948,Arsenal so unconvincing. Fabien helps it on them. Martinelli now. Can they grab a late equaliser still? They can! It's Lacazette who has put it in.,Arsenal so unconvincing Abambia helps it on them Martinelli now can they grab a late equaliser still they can it's Lacazette who has put it in,You are watching a football match. Arsenal so unconvincing. Fabien helps it on them. Martinelli now. Can they grab a late equaliser still? They can! It's Lacazette who has put it in. What type of football event is shown? Answer goal or corner.,reproducing_code/vlm-circuits-analysis/data/goal/composites/ABcIbvu8/im/2/IM_9.png,goal,both,You are watching a football match. Arsenal so unconvincing. Fabien helps it on them. Martinelli now. Writes they grab a late equaliser still? They can! Therolls Lacazette who has put it in. What type of football event is shown? Answer goal or corner.,reproducing_code/vlm-circuits-analysis/data/goal/composites_noisy_sigma0p12/ABcIbvu8/im/2/IM_9.png,corner,coverage_10pct+dataset_sample+qwen_same_token_length+vision_noise+goal_vs_corner,sentence_6[dataset_sample:pos_bucket:OTHER:length_1]:It->The; sentence_6[dataset_sample:pos_bucket:VERB:length_1]:'s->rolls; sentence_4[dataset_sample:pos_bucket:VERB:length_1]:Can->Writes
0jJj5Mme,1,IM_9,GOAL,important,0.748102,"There's the corner, big header out, comes to Kersen! A wonderful strike from the edge of the box.",there's the corner big header out comes to Kurssen a wonderful strike from the edge of the box,"You are watching a football match. There's the corner, big header out, comes to Kersen! A wonderful strike from the edge of the box. What type of football event is shown? Answer goal or corner.",reproducing_code/vlm-circuits-analysis/data/goal/composites/0jJj5Mme/im/1/IM_9.png,goal,both,"You are watching a football match. Thereties the air, big header out, comes to Kersen! A wonderful strike from the edge of the box. What type of football event is shown? Answer goal or corner.",reproducing_code/vlm-circuits-analysis/data/goal/composites_noisy_sigma0p12/0jJj5Mme/im/1/IM_9.png,corner,coverage_10pct+dataset_sample+qwen_same_token_length+vision_noise+goal_vs_corner,sentence_1[dataset_sample:pos_bucket:NOUN:length_1]:corner->air; sentence_1[dataset_sample:pos_bucket:VERB:length_1]:'s->ties
ABcIbvu8,2,IM_7,GOAL,important,0.895880,"This is one huge, mighty kick for Southampton. It is James Ward-Prowse who's going to follow up and score after Leno saved. And Ward-Prowse gives Southampton the lead.","This is one huge, mighty kick for Southampton. It is James Ward-Crowse who's going to follow up and score after Laino saves.","You are watching a football match. This is one huge, mighty kick for Southampton. It is James Ward-Prowse who's going to follow up and score after Leno saved. And Ward-Prowse gives Southampton the lead. What type of football event is shown? Answer goal or corner.",reproducing_code/vlm-circuits-analysis/data/goal/composites/ABcIbvu8/im/2/IM_7.png,goal,both,"You are watching a football match. This is one huge, mighty kick for Southampton. During is James Ward-Prowse ofwo going to follow up and score after Leno saved. And Ward-Prowse gives Cherry the lead. What type of football event is shown? Answer goal or corner.",reproducing_code/vlm-circuits-analysis/data/goal/composites_noisy_sigma0p12/ABcIbvu8/im/2/IM_7.png,corner,coverage_10pct+dataset_sample+qwen_same_token_length+vision_noise+goal_vs_corner,sentence_2[dataset_sample:pos_bucket:OTHER:length_1]:It->During; sentence_2[dataset_sample:pos_bucket:OTHER:length_1]:who->of; sentence_2[dataset_sample:pos_bucket:VERB:length_1]:'s->wo; sentence_3[dataset_sample:pos_bucket:PROPN:length_2]:Southampton->Cherry
xx6GTsEM,1,IM_6,GOAL,important,0.660927,See. Atalanta have been below par.,". Hataboa into Malinowski on his left, he can hit them! My word, he can hit them! . Atalanta have been below par.",You are watching a football match. See. Atalanta have been below par. What type of football event is shown? Answer goal or corner.,reproducing_code/vlm-circuits-analysis/data/goal/composites/xx6GTsEM/im/1/IM_6.png,goal,both,You are watching a football match. See. Atalanta have been below quality. What type of football event is shown? Answer goal or corner.,reproducing_code/vlm-circuits-analysis/data/goal/composites_noisy_sigma0p12/xx6GTsEM/im/1/IM_6.png,corner,coverage_10pct+dataset_sample+qwen_same_token_length+vision_noise+goal_vs_corner,sentence_2[dataset_sample:pos_bucket:NOUN:length_1]:par->quality
r9gYBR53,1,IM_10,GOAL,important,0.780973,"Good ball, shot as the goal, and then turned in for 2-0 Genoa.",Good ball. Schoena's flick on. And then turned in for 2-0 Genoa.,"You are watching a football match. Good ball, shot as the goal, and then turned in for 2-0 Genoa. What type of football event is shown? Answer goal or corner.",reproducing_code/vlm-circuits-analysis/data/goal/composites/r9gYBR53/im/1/IM_10.png,goal,both,"You are watching a football match. Good ball, shot as half goal, and then turned in down 2-0 Genoa. What type of football event is shown? Answer goal or corner.",reproducing_code/vlm-circuits-analysis/data/goal/composites_noisy_sigma0p12/r9gYBR53/im/1/IM_10.png,corner,coverage_10pct+dataset_sample+qwen_same_token_length+vision_noise+goal_vs_corner,sentence_1[dataset_sample:pos_bucket:OTHER:length_1]:the->half; sentence_1[dataset_sample:pos_bucket:OTHER:length_1]:for->down
lCaoR3AE,2,IM_13,GOAL,important,0.956878,Play the other next week. It's curiouser and curiouser. Here's Ronaldo. Still trying to make it eight in a row. And Ronaldo grabs a goal back. And maybe it is not finished.,play in the other next week it's curiouser and curiouser here's Ronaldo still trying to make it eight in a row and Ronaldo grabs a goal back and maybe it is not finished,You are watching a football match. Play the other next week. It's curiouser and curiouser. Here's Ronaldo. Still trying to make it eight in a row. And Ronaldo grabs a goal back. And maybe it is not finished. What type of football event is shown? Answer goal or corner.,reproducing_code/vlm-circuits-analysis/data/goal/composites/lCaoR3AE/im/2/IM_13.png,goal,both,You are watching a football match. Play the other next week. It's curiouser and fendish. Hereported Ronaldo. Still trying to earned it hello in a row. And Ronaldo grabs a goal back. And maybe it is not finished. What type of football event is shown? Answer goal or corner.,reproducing_code/vlm-circuits-analysis/data/goal/composites_noisy_sigma0p12/lCaoR3AE/im/2/IM_13.png,corner,coverage_10pct+dataset_sample+qwen_same_token_length+vision_noise+goal_vs_corner,sentence_4[dataset_sample:pos_bucket:VERB:length_1]:make->earned; sentence_4[dataset_sample:pos_bucket:OTHER:length_1]:eight->hello; sentence_2[dataset_sample:pos_bucket:NOUN:length_3]:curiouser->fendish; sentence_3[dataset_sample:pos_bucket:VERB:length_1]:'s->ported
86u5kz2f,2,IM_11,GOAL,important,0.929933,"It's a really good goal, clinical quality, incisive. And somehow...",it's a really good goal clinical quality incisive and somehow,"You are watching a football match. It's a really good goal, clinical quality, incisive. And somehow... What type of football event is shown? Answer goal or corner.",reproducing_code/vlm-circuits-analysis/data/goal/composites/86u5kz2f/im/2/IM_11.png,goal,both,"You are watching a football match. It's a really good goal, just quality, higuain. And somehow... What type of football event is shown? Answer goal or corner.",reproducing_code/vlm-circuits-analysis/data/goal/composites_noisy_sigma0p12/86u5kz2f/im/2/IM_11.png,corner,coverage_10pct+dataset_sample+qwen_same_token_length+vision_noise+goal_vs_corner,sentence_1[dataset_sample:pos_bucket:NOUN:length_3]:incisive->higuain; sentence_1[dataset_sample:pos_bucket:ADJ:length_1]:clinical->just
xx6GTsEM,1,IM_2,GOAL,important,0.774781,"Oh, take it quickly in space with Di Carbone who will fire it beyond Molini. Atalanta switched off and the visitors have the lead. A crazy bit of defending from the home side. They've not been at their best today and now they train.","It's space with Di Carmini who will fire it. beyond Molini, Atalanta switched off and the visitors have the lead.","You are watching a football match. Oh, take it quickly in space with Di Carbone who will fire it beyond Molini. Atalanta switched off and the visitors have the lead. A crazy bit of defending from the home side. They've not been at their best today and now they train. What type of football event is shown? Answer goal or corner.",reproducing_code/vlm-circuits-analysis/data/goal/composites/xx6GTsEM/im/1/IM_2.png,goal,both,"You are watching a football match. 고, take it quickly in space with El Carbone who will fire it beyond Molini. Atalanta switched off and the visitors have the lead. A crazy bit of defending from the home side. They've hello been damn their new today and now they train. What type of football event is shown? Answer goal or corner.",reproducing_code/vlm-circuits-analysis/data/goal/composites_noisy_sigma0p12/xx6GTsEM/im/1/IM_2.png,corner,coverage_10pct+dataset_sample+qwen_same_token_length+vision_noise+goal_vs_corner,sentence_1[dataset_sample:pos_bucket:PROPN:length_1]:Di->El; sentence_1[dataset_sample:pos_bucket:OTHER:length_1]:Oh->고; sentence_4[dataset_sample:pos_bucket:OTHER:length_1]:at->damn; sentence_4[dataset_sample:pos_bucket:OTHER:length_1]:not->hello; sentence_4[dataset_sample:pos_bucket:ADJ:length_1]:best->new
0jJj5Mme,1,IM_1,GOAL,important,0.768248,So they're getting to the first ball quite often. Look at that for a chance now. Palomino's done well. It's gone all the way through. And he owns the bill again. They don't look at the score.,So they're getting to the first goal quite often. Look at that for a chance now. Palomino's done well. It's gone all the way through. and Yost Bilicic has opened the story.,You are watching a football match. So they're getting to the first ball quite often. Look at that for a chance now. Palomino's done well. It's gone all the way through. And he owns the bill again. They don't look at the score. What type of football event is shown? Answer goal or corner.,reproducing_code/vlm-circuits-analysis/data/goal/composites/0jJj5Mme/im/1/IM_1.png,goal,both,You are watching a football match. So they're getting to the first tipo quite in. Look at that for a chance now. Palomino's done outside. It's gone all of way through. And he owns the bill again. They don't poses at the score. What type of football event is shown? Answer goal or corner.,reproducing_code/vlm-circuits-analysis/data/goal/composites_noisy_sigma0p12/0jJj5Mme/im/1/IM_1.png,corner,coverage_10pct+dataset_sample+qwen_same_token_length+vision_noise+goal_vs_corner,sentence_4[dataset_sample:pos_bucket:OTHER:length_1]:the->of; sentence_6[dataset_sample:pos_bucket:VERB:length_1]:look->poses; sentence_1[dataset_sample:pos_bucket:NOUN:length_1]:ball->tipo; sentence_1[dataset_sample:pos_bucket:ADV:length_1]:often->in; sentence_3[dataset_sample:pos_bucket:ADV:length_1]:well->outside
G6wyC3XE,1,IM_5,GOAL,important,0.892398,It's the first. With ambitions of their own to maintain their status as a club to qualify in Europe. They've done well in that competition too. It's held to Mane! But there was a touch on the arm and it's not going to count.,They have to be with ambitions of their own to maintain their status as a club to qualify in Europe. They've done well in that competition too. It's held home to Mane! But there was a touch on the arm and it's not going to count.,You are watching a football match. It's the first. With ambitions of their own to maintain their status as a club to qualify in Europe. They've done well in that competition too. It's held to Mane! But there was a touch on the arm and it's not going to count. What type of football event is shown? Answer goal or corner.,reproducing_code/vlm-circuits-analysis/data/goal/composites/G6wyC3XE/im/1/IM_5.png,goal,both,You are watching a football match. It's the first. With ambitions of their own to overlapping their neck as a club such qualify in Europe. They've done well in that competition too. Itfoot held to Mane! But there was a touch on the arm and it's not going in count. What type of football event is shown? Answer goal or corner.,reproducing_code/vlm-circuits-analysis/data/goal/composites_noisy_sigma0p12/G6wyC3XE/im/1/IM_5.png,corner,coverage_10pct+dataset_sample+qwen_same_token_length+vision_noise+goal_vs_corner,sentence_4[dataset_sample:pos_bucket:VERB:length_1]:'s->foot; sentence_2[dataset_sample:pos_bucket:OTHER:length_1]:to->such; sentence_2[dataset_sample:pos_bucket:VERB:length_2]:maintain->overlapping; sentence_5[dataset_sample:pos_bucket:OTHER:length_1]:to->in; sentence_2[dataset_sample:pos_bucket:NOUN:length_1]:status->neck
Q3ZH0ngC,2,IM_6,CORNER/THROW-IN,important,1.000000,"Toloi, Jimsiti, Palomino. In goes the corner from Gomez, and flicked on and flicked just wide by Berat Jimsiti. So close to a second Atalanta goal. They're out swinging.","Toloi, Jimsiti, Palomino. In goes the corner from Gomez, and flicked on and flicked just wide by Berat Jimsiti. So close to a second Atalanta goal. They're out swinging.","You are watching a football match. Toloi, Jimsiti, Palomino. In goes the corner from Gomez, and flicked on and flicked just wide by Berat Jimsiti. So close to a second Atalanta goal. They're out swinging. What type of football event is shown? Answer goal or corner.",reproducing_code/vlm-circuits-analysis/data/goal/composites/Q3ZH0ngC/im/2/IM_6.png,corner,both,"You are watching a football match. Toloi, Fromolkgett, Palomino. In goes na corner from Gomez, and flicked on and flicked just wide by Berat Jimsiti. So close to a second Atalanta goal. They're out soaring. What type of football event is shown? Answer goal or corner.",reproducing_code/vlm-circuits-analysis/data/goal/composites_noisy_sigma0p12/Q3ZH0ngC/im/2/IM_6.png,goal,coverage_10pct+dataset_sample+qwen_same_token_length+vision_noise+goal_vs_corner,sentence_4[dataset_sample:pos_bucket:VERB:length_2]:swinging->soaring; sentence_1[dataset_sample:pos_bucket:PROPN:length_3]:Jimsiti->Fromolkgett; sentence_2[dataset_sample:pos_bucket:OTHER:length_1]:the->na
E5X6KOII,2,IM_4,CORNER/THROW-IN,important,0.806937,"With the Roma corner headed out by Babacar. Clivert has run it back here. Clivert, Mkhitaryan, clipped in dangerously and into the back of the net from Edin Dzeko.",with the Roma corner headed out by Babacar Kluivert has run it back here Kluivert Mkhitaryan clipped in dangerously and into the back of the net from Edin Dzeko it's been,"You are watching a football match. With the Roma corner headed out by Babacar. Clivert has run it back here. Clivert, Mkhitaryan, clipped in dangerously and into the back of the net from Edin Dzeko. What type of football event is shown? Answer goal or corner.",reproducing_code/vlm-circuits-analysis/data/goal/composites/E5X6KOII/im/2/IM_4.png,corner,both,"You are watching a football match. With the Roma corner headed out by Babacar. Clivert has run it back here. Clivert, Mkhitaryan, rebounds in dangerously and into the back anything the net while Edin Dzeko. What type of football event is shown? Answer goal or corner.",reproducing_code/vlm-circuits-analysis/data/goal/composites_noisy_sigma0p12/E5X6KOII/im/2/IM_4.png,goal,coverage_10pct+dataset_sample+qwen_same_token_length+vision_noise+goal_vs_corner,sentence_3[dataset_sample:pos_bucket:OTHER:length_1]:of->anything; sentence_3[dataset_sample:pos_bucket:VERB:length_2]:clipped->rebounds; sentence_3[dataset_sample:pos_bucket:OTHER:length_1]:from->while
ULTDmEW6,2,IM_6,CORNER/THROW-IN,important,0.818209,Corner. Snodgrass whips in the corner and they have got it!,Snodgrass whips whips in the corner and they have got another one,You are watching a football match. Corner. Snodgrass whips in the corner and they have got it! What type of football event is shown? Answer goal or corner.,reproducing_code/vlm-circuits-analysis/data/goal/composites/ULTDmEW6/im/2/IM_6.png,corner,both,You are watching a football match. Corner. Misjudged whips in the corner and they assist got it! What type of football event is shown? Answer goal or corner.,reproducing_code/vlm-circuits-analysis/data/goal/composites_noisy_sigma0p12/ULTDmEW6/im/2/IM_6.png,goal,coverage_10pct+dataset_sample+qwen_same_token_length+vision_noise+goal_vs_corner,sentence_2[dataset_sample:pos_bucket:VERB:length_1]:have->assist; sentence_2[dataset_sample:pos_bucket:ADJ:length_3]:Snodgrass->Misjudged
G6wyC3XE,2,IM_1,CORNER/THROW-IN,important,0.112814,I used to take a ball.,Denzonka and Wijnaldum again together. Just takes a little nick off him. Come on! Come on! Come on! Come on! Come on!,You are watching a football match. I used to take a ball. What type of football event is shown? Answer goal or corner.,reproducing_code/vlm-circuits-analysis/data/goal/composites/G6wyC3XE/im/2/IM_1.png,corner,both,You are watching a football match. NOW used to take a ball. What type of football event is shown? Answer goal or corner.,reproducing_code/vlm-circuits-analysis/data/goal/composites_noisy_sigma0p12/G6wyC3XE/im/2/IM_1.png,goal,coverage_10pct+dataset_sample+qwen_same_token_length+vision_noise+goal_vs_corner,sentence_1[dataset_sample:pos_bucket:OTHER:length_1]:I->NOW
bks0kqIh,2,IM_1,CORNER/THROW-IN,important,0.715725,"Kolarov with the corner, Smalling attacked it, Zaniono now, Marily White. Just unable to catch out Olsen at his near post.","Tiaro Wara, I should say. Kholarov with the corner. Smalling attacked it. Zaniondo now. Marily white. Just unable to catch out Olsen at his near post.","You are watching a football match. Kolarov with the corner, Smalling attacked it, Zaniono now, Marily White. Just unable to catch out Olsen at his near post. What type of football event is shown? Answer goal or corner.",reproducing_code/vlm-circuits-analysis/data/goal/composites/bks0kqIh/im/2/IM_1.png,corner,both,"You are watching a football match. Kolarov with the corner, Smalling attacked it, Zaniono now, Marily Twitter. Just blind to related out Olsen at his near post. What type of football event is shown? Answer goal or corner.",reproducing_code/vlm-circuits-analysis/data/goal/composites_noisy_sigma0p12/bks0kqIh/im/2/IM_1.png,goal,coverage_10pct+dataset_sample+qwen_same_token_length+vision_noise+goal_vs_corner,sentence_2[dataset_sample:pos_bucket:ADJ:length_1]:unable->blind; sentence_1[dataset_sample:pos_bucket:PROPN:length_1]:White->Twitter; sentence_2[dataset_sample:pos_bucket:VERB:length_1]:catch->related
tE2Jn2J8,2,IM_1,CORNER/THROW-IN,important,0.837791,Dybala will try again. Dybala's corner. Janic has gone down. Petri Czarnier the man making the challenge.,"Dybala will try again. Dybala's corner. Dybala. Dybala has gone down. Petricione, the man making the challenge.",You are watching a football match. Dybala will try again. Dybala's corner. Janic has gone down. Petri Czarnier the man making the challenge. What type of football event is shown? Answer goal or corner.,reproducing_code/vlm-circuits-analysis/data/goal/composites/tE2Jn2J8/im/2/IM_1.png,corner,both,You are watching a football match. Dybala will try again. Nuccia's corner. Janic has gone down. Terrific Czarnier the man making the challenge. What type of football event is shown? Answer goal or corner.,reproducing_code/vlm-circuits-analysis/data/goal/composites_noisy_sigma0p12/tE2Jn2J8/im/2/IM_1.png,goal,coverage_10pct+dataset_sample+qwen_same_token_length+vision_noise+goal_vs_corner,sentence_4[dataset_sample:pos_bucket:PROPN:length_2]:Petri->Terrific; sentence_2[dataset_sample:pos_bucket:PROPN:length_3]:Dybala->Nuccia
UcZVYDFH,1,IM_9,CORNER/THROW-IN,important,0.876622,"Thomas O'Rincon told to get his ten yards back. Corner's going to come in, in fact he's going short, he'll be rolled to the edge of the box. Verdi's there, it's bouncing around, it still isn't cleared. Comes to Albiol who will whip it back in. Koulibaly's there, saved by Serrigu. And still Napoli cannot find.","Thomas O'Rincon told to get his 10 yards back. The corner's going to come in. In fact, he's going short. He'll be rolled to the edge of the box. Verdi's there. It's bouncing around. It still isn't cleared. Comes to Albion who will whip it back in. Koulibaly is there. Saved by Sirigu.","You are watching a football match. Thomas O'Rincon told to get his ten yards back. Corner's going to come in, in fact he's going short, he'll be rolled to the edge of the box. Verdi's there, it's bouncing around, it still isn't cleared. Comes to Albiol who will whip it back in. Koulibaly's there, saved by Serrigu. And still Napoli cannot find. What type of football event is shown? Answer goal or corner.",reproducing_code/vlm-circuits-analysis/data/goal/composites/UcZVYDFH/im/1/IM_9.png,corner,both,"You are watching a football match. Thomas Petriccione told to get his ten yards back. Corner's going to come in, in samp he's going short, he'll be rolled to the edge of the box. Verdi's there, it's bouncing around, along still isn't cleared. Comes to Albiol who completed impress it back in. Koulibalyok there, reads by Serrigu. And still Napoli cannot find. What type of football event is shown? Answer goal or corner.",reproducing_code/vlm-circuits-analysis/data/goal/composites_noisy_sigma0p12/UcZVYDFH/im/1/IM_9.png,goal,coverage_10pct+dataset_sample+qwen_same_token_length+vision_noise+goal_vs_corner,sentence_4[dataset_sample:pos_bucket:VERB:length_1]:will->completed; sentence_2[dataset_sample:pos_bucket:NOUN:length_1]:fact->samp; sentence_1[dataset_sample:pos_bucket:PROPN:length_4]:O'Rincon->Petriccione; sentence_4[dataset_sample:pos_bucket:VERB:length_2]:whip->impress; sentence_5[dataset_sample:pos_bucket:OTHER:length_1]:'s->ok; sentence_5[dataset_sample:pos_bucket:VERB:length_1]:saved->reads; sentence_3[dataset_sample:pos_bucket:OTHER:length_1]:it->along
6LXKpLWN,2,IM_1,CORNER/THROW-IN,important,0.821660,". . Berndeski's corner. Oh, it's a tremendous save there, Ronaldo met it. Skrdupski equal to it. . .","And Deskies corner. Oh, it's a tremendous save that Ronaldo met it. And that Skudupski equal to it. And Baj is marking on the wrong side.","You are watching a football match. . . Berndeski's corner. Oh, it's a tremendous save there, Ronaldo met it. Skrdupski equal to it. . . What type of football event is shown? Answer goal or corner.",reproducing_code/vlm-circuits-analysis/data/goal/composites/6LXKpLWN/im/2/IM_1.png,corner,both,"You are watching a football match. . . Berndeski's quiz. Oh, it's a tremendous sheet there, Ronaldo met it. Skrdupski equal to it. . . What type of football event is shown? Answer goal or corner.",reproducing_code/vlm-circuits-analysis/data/goal/composites_noisy_sigma0p12/6LXKpLWN/im/2/IM_1.png,goal,coverage_10pct+dataset_sample+qwen_same_token_length+vision_noise+goal_vs_corner,sentence_3[dataset_sample:pos_bucket:NOUN:length_1]:save->sheet; sentence_2[dataset_sample:pos_bucket:NOUN:length_1]:corner->quiz
8rg3jFcJ,2,IM_3,CORNER/THROW-IN,important,0.995826,"These are testing times for Cagliari. Goulam to whip it in, it's deep, Cragno has to just touch it away. Fabian Ruiz keeps it in and twists back on his right, goes back to Alan, in fact Zielinski will hit it. Big deflection, Cragno was defeated, but luckily for Cagliari...",These are testing times for Cagliari. Goulam to whip it in. It's deep. Cragno has to just touch it away. Fabian Ruiz keeps it in and twists back on his right. Goes back to Alan. In fact Zielinski will hit it. Big deflection. Cragno was defeated. But luckily for Cagliari.,"You are watching a football match. These are testing times for Cagliari. Goulam to whip it in, it's deep, Cragno has to just touch it away. Fabian Ruiz keeps it in and twists back on his right, goes back to Alan, in fact Zielinski will hit it. Big deflection, Cragno was defeated, but luckily for Cagliari... What type of football event is shown? Answer goal or corner.",reproducing_code/vlm-circuits-analysis/data/goal/composites/8rg3jFcJ/im/2/IM_3.png,corner,both,"You are watching a football match. These are testing times for Cagliari. Goulam to whip it in, it's deep, Cragno has to away touch good away. Fabian Ruiz keeps it in and twists back on his right, goes clear to Alan, ok fact Zielinski will hit it. Such deflection, Rolthano was defeated, but luckily for Cagliari... What type of football event is shown? Answer goal or corner.",reproducing_code/vlm-circuits-analysis/data/goal/composites_noisy_sigma0p12/8rg3jFcJ/im/2/IM_3.png,goal,coverage_10pct+dataset_sample+qwen_same_token_length+vision_noise+goal_vs_corner,sentence_4[dataset_sample:pos_bucket:PROPN:length_3]:Cragno->Rolthano; sentence_2[dataset_sample:pos_bucket:OTHER:length_1]:it->good; sentence_3[dataset_sample:pos_bucket:OTHER:length_1]:in->ok; sentence_4[dataset_sample:pos_bucket:ADJ:length_1]:Big->Such; sentence_3[dataset_sample:pos_bucket:ADV:length_1]:back->clear; sentence_2[dataset_sample:pos_bucket:ADV:length_1]:just->away
IF9NUtVr,1,IM_4,CORNER/THROW-IN,important,0.912700,"The assistant was right in line with that. Gomez with the corner, dropping into good area, it's not been cleared yet. Just stacked away by Albiol. Everybody seemed to stop there, didn't they? Zinye on the breakaway with a good ball. Fabian Ruiz in again. Oh my word. What a poor finish.",The assistant was right in line with that Going with the corner Something into good area it's not been cleared yet Stacked away by Albiol Everybody seemed to stop there didn't they? Zinye on the breakaway With a good ball Fabian Ruiz in again Oh my word Oh a poor finish,"You are watching a football match. The assistant was right in line with that. Gomez with the corner, dropping into good area, it's not been cleared yet. Just stacked away by Albiol. Everybody seemed to stop there, didn't they? Zinye on the breakaway with a good ball. Fabian Ruiz in again. Oh my word. What a poor finish. What type of football event is shown? Answer goal or corner.",reproducing_code/vlm-circuits-analysis/data/goal/composites/IF9NUtVr/im/1/IM_4.png,corner,both,"You are watching a football match. The assistant was core in line okay that. Gomez with the corner, dropping into quiet area, it's not been cleared yet. Just stacked away by Albiol. Everybody seemed to stop there, didn't they? Zinye on each breakaway with a good status. Fabian Ruiz in even. Oh my word. What a poor finish. What type of football event is shown? Answer goal or corner.",reproducing_code/vlm-circuits-analysis/data/goal/composites_noisy_sigma0p12/IF9NUtVr/im/1/IM_4.png,goal,coverage_10pct+dataset_sample+qwen_same_token_length+vision_noise+goal_vs_corner,sentence_6[dataset_sample:pos_bucket:ADV:length_1]:again->even; sentence_1[dataset_sample:pos_bucket:ADJ:length_1]:right->core; sentence_2[dataset_sample:pos_bucket:ADJ:length_1]:good->quiet; sentence_5[dataset_sample:pos_bucket:NOUN:length_1]:ball->status; sentence_5[dataset_sample:pos_bucket:OTHER:length_1]:the->each; sentence_1[dataset_sample:pos_bucket:OTHER:length_1]:with->okay
l0uNkr78,2,IM_10,CORNER/THROW-IN,important,0.803079,"Good delivery missed by Skriniar, they're appealing for a handball. Now then this could be another interesting...","And that's there, just a little bit late trying to get inside of Asamoah. Good delivery missed by Skriniar. They're appealing for a handball. Now then, this could be another interesting one.","You are watching a football match. Good delivery missed by Skriniar, they're appealing for a handball. Now then this could be another interesting... What type of football event is shown? Answer goal or corner.",reproducing_code/vlm-circuits-analysis/data/goal/composites/l0uNkr78/im/2/IM_10.png,corner,both,"You are watching a football match. Good delivery missed by Skriniar, they're appealing for hi handball. At then this could be another interesting... What type of football event is shown? Answer goal or corner.",reproducing_code/vlm-circuits-analysis/data/goal/composites_noisy_sigma0p12/l0uNkr78/im/2/IM_10.png,goal,coverage_10pct+dataset_sample+qwen_same_token_length+vision_noise+goal_vs_corner,sentence_2[dataset_sample:pos_bucket:ADV:length_1]:Now->At; sentence_1[dataset_sample:pos_bucket:OTHER:length_1]:a->hi
0rkvoaKm,2,IM_16,CORNER/THROW-IN,important,0.608726,"Abata Ferrara, there is return. That's a very poor corner which Spal didn't deal with but tired legs out there. Florenci, hopeful ball into the box. Dzeko the header on. Dumis gathers.","Florenzi. Hopeful ball into the box. Dzeko the header on. Dumis. Gathers. Bye. Cool! teams, predstSco. Tired legs out there. Florenzi. Fightful ball into the box. Dzeko the header on. Dumis... gathers. Smo! talkin.","You are watching a football match. Abata Ferrara, there is return. That's a very poor corner which Spal didn't deal with but tired legs out there. Florenci, hopeful ball into the box. Dzeko the header on. Dumis gathers. What type of football event is shown? Answer goal or corner.",reproducing_code/vlm-circuits-analysis/data/goal/composites/0rkvoaKm/im/2/IM_16.png,corner,both,"You are watching a football match. Abata Matteo, there is return. That's a very poor corner which Spal didn't deal with but tired legs out there. Florenci, hopeful ball into ה box. Dzeko the header on. Berkha hype. What type of football event is shown? Answer goal or corner.",reproducing_code/vlm-circuits-analysis/data/goal/composites_noisy_sigma0p12/0rkvoaKm/im/2/IM_16.png,goal,coverage_10pct+dataset_sample+qwen_same_token_length+vision_noise+goal_vs_corner,sentence_5[dataset_sample:pos_bucket:PROPN:length_3]:Dumis->Berkha; sentence_3[dataset_sample:pos_bucket:OTHER:length_1]:the->ה; sentence_5[dataset_sample:pos_bucket:NOUN:length_2]:gathers->hype; sentence_1[dataset_sample:pos_bucket:PROPN:length_3]:Ferrara->Matteo
06FNvY2s,2,IM_6,CORNER/THROW-IN,important,0.787937,"Callejon with a corner again. It's a good one, Koulibaly! Oh, that's a good save this time by Olsen. He may not always be that pretty, but he's kept his side in it.",Kihon Kihon with a corner again it's a good one Koulibaly oh that's a good save this time by Olsen well he may not always be that pretty but he's kept his side in it,"You are watching a football match. Callejon with a corner again. It's a good one, Koulibaly! Oh, that's a good save this time by Olsen. He may not always be that pretty, but he's kept his side in it. What type of football event is shown? Answer goal or corner.",reproducing_code/vlm-circuits-analysis/data/goal/composites/06FNvY2s/im/2/IM_6.png,corner,both,"You are watching a football match. Callejon with a corner again. Itsaving a good one, Koulibaly! Oh, that's a good save this time by Olsen. He may not always accepted la firm, but he's kept his side in it. What type of football event is shown? Answer goal or corner.",reproducing_code/vlm-circuits-analysis/data/goal/composites_noisy_sigma0p12/06FNvY2s/im/2/IM_6.png,goal,coverage_10pct+dataset_sample+qwen_same_token_length+vision_noise+goal_vs_corner,sentence_4[dataset_sample:pos_bucket:ADJ:length_1]:pretty->firm; sentence_2[dataset_sample:pos_bucket:VERB:length_1]:'s->saving; sentence_4[dataset_sample:pos_bucket:VERB:length_1]:be->accepted; sentence_4[dataset_sample:pos_bucket:OTHER:length_1]:that->la
xpER1kZQ,1,IM_5,CORNER/THROW-IN,important,0.955000,"They have spread chips across the board so to speak. Far post is Basham and the centre is O'Connell. Pickford can't get it there! First corner, first goal! But the referee...","They have spread the chips across the board so to speak Far post is Basham In the centre is O'Connell Pickford come and go there First corner, first goal The referee","You are watching a football match. They have spread chips across the board so to speak. Far post is Basham and the centre is O'Connell. Pickford can't get it there! First corner, first goal! But the referee... What type of football event is shown? Answer goal or corner.",reproducing_code/vlm-circuits-analysis/data/goal/composites/xpER1kZQ/im/1/IM_5.png,corner,both,"You are watching a football match. They have spread chips across who players so to speak. Far post is Basham and where centre is O'Connell. Pickford caneither get it there! First corner, first goal! But the referee... What type of football event is shown? Answer goal or corner.",reproducing_code/vlm-circuits-analysis/data/goal/composites_noisy_sigma0p12/xpER1kZQ/im/1/IM_5.png,goal,coverage_10pct+dataset_sample+qwen_same_token_length+vision_noise+goal_vs_corner,sentence_1[dataset_sample:pos_bucket:NOUN:length_1]:board->players; sentence_2[dataset_sample:pos_bucket:OTHER:length_1]:the->where; sentence_1[dataset_sample:pos_bucket:OTHER:length_1]:the->who; sentence_3[dataset_sample:pos_bucket:OTHER:length_2]:n't->neither
6w99xiq5,2,IM_3,CORNER/THROW-IN,important,0.997096,Concedes a throw in. Gomez turns away from his man as he got the finish. Musso saves it. Zapata rolls it across goal. Piccoli is just a couple of yards away from where he needs to be. Atalanta turning the screw. Alejandro Gomez beginning to pull the string.,Concedes a throw in. Gomez turns away from his man as he got the finish. Musso saves it. Zapata rolls it across goal. Piccoli is just a couple of yards away from where he needs to be. Atalanta turning the screw. Alejandro Gomez beginning to pull the strings.,You are watching a football match. Concedes a throw in. Gomez turns away from his man as he got the finish. Musso saves it. Zapata rolls it across goal. Piccoli is just a couple of yards away from where he needs to be. Atalanta turning the screw. Alejandro Gomez beginning to pull the string. What type of football event is shown? Answer goal or corner.,reproducing_code/vlm-circuits-analysis/data/goal/composites/6w99xiq5/im/2/IM_3.png,corner,both,You are watching a football match. Pressing a throw in. Gomez turns away from his man before he got the finish. Musso saves it. Zapata rolls it across goal. Piccoli is side a couple of yards away from where he needs to be. Atalanta turning the a.. Alejandro Gomez fool to pull the string. What type of football event is shown? Answer goal or corner.,reproducing_code/vlm-circuits-analysis/data/goal/composites_noisy_sigma0p12/6w99xiq5/im/2/IM_3.png,goal,coverage_10pct+dataset_sample+qwen_same_token_length+vision_noise+goal_vs_corner,sentence_5[dataset_sample:pos_bucket:ADV:length_1]:just->side; sentence_2[dataset_sample:pos_bucket:OTHER:length_1]:as->before; sentence_7[dataset_sample:pos_bucket:VERB:length_2]:beginning->fool; sentence_6[dataset_sample:pos_bucket:NOUN:length_2]:screw->a.; sentence_1[dataset_sample:pos_bucket:VERB:length_2]:Concedes->Pressing
6w99xiq5,1,IM_2,CORNER/THROW-IN,important,0.960765,"Gomez whips it into the near post with a flick on, Musso with a brilliant stop. Danger's not over, Zapata trying to bustle his way through. He comes to the corner taker, Gomez. The first time.",Gomez whips it into the near post with a flick on Musso with a brilliant stop danger's not over Zapata trying to bustle his way through he comes to the corner taker Gomez the first time,"You are watching a football match. Gomez whips it into the near post with a flick on, Musso with a brilliant stop. Danger's not over, Zapata trying to bustle his way through. He comes to the corner taker, Gomez. The first time. What type of football event is shown? Answer goal or corner.",reproducing_code/vlm-circuits-analysis/data/goal/composites/6w99xiq5/im/1/IM_2.png,corner,both,"You are watching a football match. Gomez whips it into the near post with a flick how, Musso with a brilliant stop. Danger's not over, Zapata trying to bustle his way through. Forward animated to the corner taker, Gomez. The first boys. What type of football event is shown? Answer goal or corner.",reproducing_code/vlm-circuits-analysis/data/goal/composites_noisy_sigma0p12/6w99xiq5/im/1/IM_2.png,goal,coverage_10pct+dataset_sample+qwen_same_token_length+vision_noise+goal_vs_corner,sentence_1[dataset_sample:pos_bucket:OTHER:length_1]:on->how; sentence_3[dataset_sample:pos_bucket:VERB:length_1]:comes->animated; sentence_3[dataset_sample:pos_bucket:OTHER:length_1]:He->Forward; sentence_4[dataset_sample:pos_bucket:NOUN:length_1]:time->boys
nsbnKlSp,2,IM_3,CORNER/THROW-IN,important,0.745657,Just about goes out of play. That's floated in and headed beautifully. They have their second goal.,"Just about goes out of play. Well, that's floated in and headed beautifully.",You are watching a football match. Just about goes out of play. That's floated in and headed beautifully. They have their second goal. What type of football event is shown? Answer goal or corner.,reproducing_code/vlm-circuits-analysis/data/goal/composites/nsbnKlSp/im/2/IM_3.png,corner,both,You are watching a football match. Just about goes out ch play. That's floated in and rides beautifully. They have their second goal. What type of football event is shown? Answer goal or corner.,reproducing_code/vlm-circuits-analysis/data/goal/composites_noisy_sigma0p12/nsbnKlSp/im/2/IM_3.png,goal,coverage_10pct+dataset_sample+qwen_same_token_length+vision_noise+goal_vs_corner,sentence_1[dataset_sample:pos_bucket:OTHER:length_1]:of->ch; sentence_2[dataset_sample:pos_bucket:VERB:length_1]:headed->rides
p2XBlEqT,2,IM_9,CORNER/THROW-IN,important,0.955485,Pjanic with it. Goalkeeper stays back. Goalkeeper stays back. And Ronaldo heads in. Juve's savior. 13 minutes to go. A man down. And there's...,"Pjanic with it, goalkeeper stays back, goalkeeper stays back and Ronaldo heads in! Juve's savior! 13 minutes to go, a man down and there's the man they turn to!",You are watching a football match. Pjanic with it. Goalkeeper stays back. Goalkeeper stays back. And Ronaldo heads in. Juve's savior. 13 minutes to go. A man down. And there's... What type of football event is shown? Answer goal or corner.,reproducing_code/vlm-circuits-analysis/data/goal/composites/p2XBlEqT/im/2/IM_9.png,corner,both,You are watching a football match. Pjanic with it. Goalkeeper stays as. Goalkeeper stays back. And Portuguese heads in. Juve's savior. 13 minutes to is. A man down. And there's... What type of football event is shown? Answer goal or corner.,reproducing_code/vlm-circuits-analysis/data/goal/composites_noisy_sigma0p12/p2XBlEqT/im/2/IM_9.png,goal,coverage_10pct+dataset_sample+qwen_same_token_length+vision_noise+goal_vs_corner,sentence_6[dataset_sample:pos_bucket:VERB:length_1]:go->is; sentence_4[dataset_sample:pos_bucket:PROPN:length_3]:Ronaldo->Portuguese; sentence_2[dataset_sample:pos_bucket:ADV:length_1]:back->as
Q3ZH0ngC,2,IM_7,CORNER/THROW-IN,important,0.816757,"They're out swinging, corner, a good header by Jim City. Good noise though in the stadium.","They're out swinging. Corner, a good header by Jimsiti.","You are watching a football match. They're out swinging, corner, a good header by Jim City. Good noise though in the stadium. What type of football event is shown? Answer goal or corner.",reproducing_code/vlm-circuits-analysis/data/goal/composites/Q3ZH0ngC/im/2/IM_7.png,corner,both,"You are watching a football match. They're out swinging, corner, a good header with Jim 오. Good noise though in the stadium. What type of football event is shown? Answer goal or corner.",reproducing_code/vlm-circuits-analysis/data/goal/composites_noisy_sigma0p12/Q3ZH0ngC/im/2/IM_7.png,goal,coverage_10pct+dataset_sample+qwen_same_token_length+vision_noise+goal_vs_corner,sentence_1[dataset_sample:pos_bucket:OTHER:length_1]:by->with; sentence_1[dataset_sample:pos_bucket:PROPN:length_1]:City->오
4rxwHJn7,1,IM_4,CORNER/THROW-IN,important,0.900519,"A couple of players open in the box with Fiorentina. What can they do from the corner? Oh, it's a good hit and Suresnik with another decent stop. The danger is still there. And after Lerola's effort was...","Couple of players open in the box with Fiorentina. What can they do from the corner? Oh, it's a good hit and to Chiesa with another decent stop. The danger is still there. And after Lirola's effort was shoved away.","You are watching a football match. A couple of players open in the box with Fiorentina. What can they do from the corner? Oh, it's a good hit and Suresnik with another decent stop. The danger is still there. And after Lerola's effort was... What type of football event is shown? Answer goal or corner.",reproducing_code/vlm-circuits-analysis/data/goal/composites/4rxwHJn7/im/1/IM_4.png,corner,both,"You are watching a football match. A couple um players open in the box its Stiergang. What following they do from the corner? Oh, it's a good hit and Suresnik with another decent stop. The danger is still there. And after Lerola's effort was... What type of football event is shown? Answer goal or corner.",reproducing_code/vlm-circuits-analysis/data/goal/composites_noisy_sigma0p12/4rxwHJn7/im/1/IM_4.png,goal,coverage_10pct+dataset_sample+qwen_same_token_length+vision_noise+goal_vs_corner,sentence_1[dataset_sample:pos_bucket:PROPN:length_3]:Fiorentina->Stiergang; sentence_2[dataset_sample:pos_bucket:VERB:length_1]:can->following; sentence_1[dataset_sample:pos_bucket:OTHER:length_1]:of->um; sentence_1[dataset_sample:pos_bucket:OTHER:length_1]:with->its
pOf6Wnwt,2,IM_10,CORNER/THROW-IN,important,0.986449,Van Dijk's arrived in the Napoli box. Milders out to take the corner. Too high for Van Dijk but it's not too high for Lovren! Take it and Lovren for Liverpool! It's his first goal in Europe since he scored the one to beat Borussia Dortmund all those years.,"Van Dijk's arrived in the Napoli box, Milders out to take the corner. Too high for Van Dijk, but it's not too high for Lovren! Dejan Lovren for Liverpool! It's his first goal in Europe since he scored the one to be Borussia Dortmund all those years ago.",You are watching a football match. Van Dijk's arrived in the Napoli box. Milders out to take the corner. Too high for Van Dijk but it's not too high for Lovren! Take it and Lovren for Liverpool! It's his first goal in Europe since he scored the one to beat Borussia Dortmund all those years. What type of football event is shown? Answer goal or corner.,reproducing_code/vlm-circuits-analysis/data/goal/composites/pOf6Wnwt/im/2/IM_10.png,corner,both,You are watching a football match. Van Dijk's arrived in the Napoli box. Climbed out to take the corner. Too high for Err Dijk but it's not too high for Lovren! Take it and Lovren for Liverpool! It's his nearest goal yeah Europe both he scored the layer to beat Borussia Dortmund all those years. What type of football event is shown? Answer goal or corner.,reproducing_code/vlm-circuits-analysis/data/goal/composites_noisy_sigma0p12/pOf6Wnwt/im/2/IM_10.png,goal,coverage_10pct+dataset_sample+qwen_same_token_length+vision_noise+goal_vs_corner,sentence_3[dataset_sample:pos_bucket:PROPN:length_1]:Van->Err; sentence_6[dataset_sample:pos_bucket:ADJ:length_1]:first->nearest; sentence_2[dataset_sample:pos_bucket:VERB:length_3]:Milders->Climbed; sentence_6[dataset_sample:pos_bucket:NOUN:length_1]:one->layer; sentence_6[dataset_sample:pos_bucket:OTHER:length_1]:in->yeah; sentence_6[dataset_sample:pos_bucket:OTHER:length_1]:since->both
vXz1jGnl,2,IM_3,CORNER/THROW-IN,important,0.872518,"And it's played back to Mahrez by De Bruyne, booming it in, and it drops for Aguero, hoists it back into the middle. Oh, well, then Mahrez got hold of that.",And the way back To Mahrez By De Bruyne Booming it in And it drops for Aguero Moist it back into the middle Oh Oh Well And then Mahrez got hold of that,"You are watching a football match. And it's played back to Mahrez by De Bruyne, booming it in, and it drops for Aguero, hoists it back into the middle. Oh, well, then Mahrez got hold of that. What type of football event is shown? Answer goal or corner.",reproducing_code/vlm-circuits-analysis/data/goal/composites/vXz1jGnl/im/2/IM_3.png,corner,both,"You are watching a football match. And it's played back to Surigo by Cross Bruyne, extending it in, and it drops for Doktor, hoists it back into the middle. Oh, well, then Mahrez got hold of that. What type of football event is shown? Answer goal or corner.",reproducing_code/vlm-circuits-analysis/data/goal/composites_noisy_sigma0p12/vXz1jGnl/im/2/IM_3.png,goal,coverage_10pct+dataset_sample+qwen_same_token_length+vision_noise+goal_vs_corner,sentence_1[dataset_sample:pos_bucket:PROPN:length_2]:Mahrez->Surigo; sentence_1[dataset_sample:pos_bucket:PROPN:length_1]:De->Cross; sentence_1[dataset_sample:pos_bucket:VERB:length_2]:booming->extending; sentence_1[dataset_sample:pos_bucket:PROPN:length_3]:Aguero->Doktor
xlO2e2Ra,2,IM_6,CORNER/THROW-IN,important,0.808803,That was enough. Marcelino at the corner. On the head of Palacio.,that was enough Rossellini with a corner on the header from Palacio but,You are watching a football match. That was enough. Marcelino at the corner. On the head of Palacio. What type of football event is shown? Answer goal or corner.,reproducing_code/vlm-circuits-analysis/data/goal/composites/xlO2e2Ra/im/2/IM_6.png,corner,both,You are watching a football match. That was enough. Allegri at the corner. On the head of Pauly. What type of football event is shown? Answer goal or corner.,reproducing_code/vlm-circuits-analysis/data/goal/composites_noisy_sigma0p12/xlO2e2Ra/im/2/IM_6.png,goal,coverage_10pct+dataset_sample+qwen_same_token_length+vision_noise+goal_vs_corner,sentence_3[dataset_sample:pos_bucket:PROPN:length_2]:Palacio->Pauly; sentence_2[dataset_sample:pos_bucket:NOUN:length_3]:Marcelino->Allegri
06FNvY2s,2,IM_1,CORNER/THROW-IN,important,0.831129,"Cajon whips it in again, down the middle, it's at the far post, nobody could reach it. The initial header from Di Lorenzo and it was just beyond Merton.","Kejon whips it in again. Down the middle, it's at the far post. Nobody could reach it. The initial header from Di Lorenzo,","You are watching a football match. Cajon whips it in again, down the middle, it's at the far post, nobody could reach it. The initial header from Di Lorenzo and it was just beyond Merton. What type of football event is shown? Answer goal or corner.",reproducing_code/vlm-circuits-analysis/data/goal/composites/06FNvY2s/im/2/IM_1.png,corner,both,"You are watching a football match. Cajon dzeko it in free, down the middle, it's at the far post, nobody equals reach it. The initial header from Di Lorenzo and it was just beyond Merton. What type of football event is shown? Answer goal or corner.",reproducing_code/vlm-circuits-analysis/data/goal/composites_noisy_sigma0p12/06FNvY2s/im/2/IM_1.png,goal,coverage_10pct+dataset_sample+qwen_same_token_length+vision_noise+goal_vs_corner,sentence_1[dataset_sample:pos_bucket:ADV:length_1]:again->free; sentence_1[dataset_sample:pos_bucket:VERB:length_2]:whips->dzeko; sentence_1[dataset_sample:pos_bucket:VERB:length_1]:could->equals
r9gYBR53,2,IM_4,CORNER/THROW-IN,important,0.596294,Mark in the box from Genoa. Castighejo's corner.,"Go, Nivella! Marvy in the box from Genoa. Castillejo's corner. He cleared here. Oh, it's a decent hit by Bonaventura.",You are watching a football match. Mark in the box from Genoa. Castighejo's corner. What type of football event is shown? Answer goal or corner.,reproducing_code/vlm-circuits-analysis/data/goal/composites/r9gYBR53/im/2/IM_4.png,corner,both,You are watching a football match. Mark de the box from Genoa. Castighejo's corner. What type of football event is shown? Answer goal or corner.,reproducing_code/vlm-circuits-analysis/data/goal/composites_noisy_sigma0p12/r9gYBR53/im/2/IM_4.png,goal,coverage_10pct+dataset_sample+qwen_same_token_length+vision_noise+goal_vs_corner,sentence_1[dataset_sample:pos_bucket:OTHER:length_1]:in->de
G6wyC3XE,2,NIM_2,CORNER/THROW-IN,not_important,0.126152,CHIPALO Pcast—,"in wanting to draw a man who... could not trust... don Türk Anyway,特別 de pretzio... tri Тамра no kжin gund a�ה...",You are watching a football match. CHIPALO Pcast—. What type of football event is shown? Answer goal or corner.,reproducing_code/vlm-circuits-analysis/data/goal/composites/G6wyC3XE/nim/2/NIM_2.png,corner,both,You are watching a football match. CHIPALO Argi—. What type of football event is shown? Answer goal or corner.,reproducing_code/vlm-circuits-analysis/data/goal/composites_noisy_sigma0p12/G6wyC3XE/nim/2/NIM_2.png,goal,coverage_10pct+dataset_sample+qwen_same_token_length+vision_noise+goal_vs_corner,sentence_1[dataset_sample:pos_bucket:PROPN:length_2]:Pcast->Argi
0jJj5Mme,2,NIM_9,CORNER/THROW-IN,not_important,0.761181,"Valtamazzari was talking about the fact that he hoped to see the best of Simone Verdi and that he just needs a spark to get him going in a Torino shirt after a rather underwhelming start to his Granata career. Well, it hasn't come today. Simone Adera is the man to come on. Here's Vincenzo Milico.",well to mattari was talking about the fact that he hoped to see the best of simone verdi and that he just needs a spark to get him going in a torino shirt after a rather underwhelming start to his granata career while it hasn't come today,"You are watching a football match. Valtamazzari was talking about the fact that he hoped to see the best of Simone Verdi and that he just needs a spark to get him going in a Torino shirt after a rather underwhelming start to his Granata career. Well, it hasn't come today. Simone Adera is the man to come on. Here's Vincenzo Milico. What type of football event is shown? Answer goal or corner.",reproducing_code/vlm-circuits-analysis/data/goal/composites/0jJj5Mme/nim/2/NIM_9.png,corner,both,"You are watching a football match. Valtamazzari pat talking about the fact that he hoped to see the best of Simone Verdi and that he just needs via spark to get him going in along Torino shirt after a rather underwhelming start to well Granata career. Well, it hasn't come today. Olsen Referee is the man to come on. Here's Vincenzo Milico. What type of football event is shown? Answer goal or corner.",reproducing_code/vlm-circuits-analysis/data/goal/composites_noisy_sigma0p12/0jJj5Mme/nim/2/NIM_9.png,goal,coverage_10pct+dataset_sample+qwen_same_token_length+vision_noise+goal_vs_corner,sentence_1[dataset_sample:pos_bucket:OTHER:length_1]:a->via; sentence_1[dataset_sample:pos_bucket:OTHER:length_1]:his->well; sentence_3[dataset_sample:pos_bucket:PROPN:length_2]:Adera->Referee; sentence_1[dataset_sample:pos_bucket:VERB:length_1]:was->pat; sentence_3[dataset_sample:pos_bucket:PROPN:length_2]:Simone->Olsen; sentence_1[dataset_sample:pos_bucket:OTHER:length_1]:a->along
W0KvTtjG,1,NIM_7,CORNER/THROW-IN,not_important,0.124246,It's needed to be a slightly better ball.,. .,You are watching a football match. It's needed to be a slightly better ball. What type of football event is shown? Answer goal or corner.,reproducing_code/vlm-circuits-analysis/data/goal/composites/W0KvTtjG/nim/1/NIM_7.png,corner,both,You are watching a football match. It's needed one be a slightly better ball. What type of football event is shown? Answer goal or corner.,reproducing_code/vlm-circuits-analysis/data/goal/composites_noisy_sigma0p12/W0KvTtjG/nim/1/NIM_7.png,goal,coverage_10pct+dataset_sample+qwen_same_token_length+vision_noise+goal_vs_corner,sentence_1[dataset_sample:pos_bucket:OTHER:length_1]:to->one
xpER1kZQ,2,NIM_10,CORNER/THROW-IN,not_important,0.983750,Don't get too out to the ball quickly enough here Sheffield. Dean did really well to get himself to the byline. Dean Henderson may have done better front post.,"Don't get two out to the ball quickly enough here, Sheffield. Dean did really well to get himself to the byline. Dean Henderson may have done better front post.",You are watching a football match. Don't get too out to the ball quickly enough here Sheffield. Dean did really well to get himself to the byline. Dean Henderson may have done better front post. What type of football event is shown? Answer goal or corner.,reproducing_code/vlm-circuits-analysis/data/goal/composites/xpER1kZQ/nim/2/NIM_10.png,corner,both,You are watching a football match. Don't get too out to between ball quickly enough here Sheffield. Dean did really well off get himself to the stunner. Dean Henderson may have done better front post. What type of football event is shown? Answer goal or corner.,reproducing_code/vlm-circuits-analysis/data/goal/composites_noisy_sigma0p12/xpER1kZQ/nim/2/NIM_10.png,goal,coverage_10pct+dataset_sample+qwen_same_token_length+vision_noise+goal_vs_corner,sentence_2[dataset_sample:pos_bucket:NOUN:length_2]:byline->stunner; sentence_2[dataset_sample:pos_bucket:OTHER:length_1]:to->off; sentence_1[dataset_sample:pos_bucket:OTHER:length_1]:the->between
EPk1kLq4,2,NIM_1,CORNER/THROW-IN,not_important,0.899188,"It will be a corner. Some pieces can see plenty of goals last season. It's not a habit that they'll continue this, they've got away with that one. That was the big talk of last season, certainly before Christmas. Marco Silva and Zolo Markin.",It will be a corner. Some pieces. Dead Seatham can see plenty of goals last season. That's not a habit that they'll continue this. They've got away with that one. That was the big talk of last season. Certainly before Christmas. Marco Silva and Zonal Markin.,"You are watching a football match. It will be a corner. Some pieces can see plenty of goals last season. It's not a habit that they'll continue this, they've got away with that one. That was the big talk of last season, certainly before Christmas. Marco Silva and Zolo Markin. What type of football event is shown? Answer goal or corner.",reproducing_code/vlm-circuits-analysis/data/goal/composites/EPk1kLq4/nim/2/NIM_1.png,corner,both,"You are watching a football match. It will be a corner. Some pieces can see plenty a goals put season. It's not a habit that they'll continue this, theylive holds away with that one. About was the big talk of last season, certainly before Christmas. Marco Silva and Zolo Markin. What type of football event is shown? Answer goal or corner.",reproducing_code/vlm-circuits-analysis/data/goal/composites_noisy_sigma0p12/EPk1kLq4/nim/2/NIM_1.png,goal,coverage_10pct+dataset_sample+qwen_same_token_length+vision_noise+goal_vs_corner,sentence_3[dataset_sample:pos_bucket:VERB:length_1]:got->holds; sentence_2[dataset_sample:pos_bucket:OTHER:length_1]:of->a; sentence_3[dataset_sample:pos_bucket:VERB:length_1]:'ve->live; sentence_2[dataset_sample:pos_bucket:ADJ:length_1]:last->put; sentence_4[dataset_sample:pos_bucket:OTHER:length_1]:That->About
rs1thcel,2,NIM_4,CORNER/THROW-IN,not_important,0.710993,"Malinowski with the corner. Muriel's effort came off Licojani's who clears it towards Simeone, well read by Freuler.",to play Malinowski with the corner Muriel's effort came off Licoianis,"You are watching a football match. Malinowski with the corner. Muriel's effort came off Licojani's who clears it towards Simeone, well read by Freuler. What type of football event is shown? Answer goal or corner.",reproducing_code/vlm-circuits-analysis/data/goal/composites/rs1thcel/nim/2/NIM_4.png,corner,both,"You are watching a football match. Malinowski with the corner. Murielthrough effort came off Licojani's who clears it towards Rescues, well read by Freuler. What type of football event is shown? Answer goal or corner.",reproducing_code/vlm-circuits-analysis/data/goal/composites_noisy_sigma0p12/rs1thcel/nim/2/NIM_4.png,goal,coverage_10pct+dataset_sample+qwen_same_token_length+vision_noise+goal_vs_corner,sentence_2[dataset_sample:pos_bucket:NOUN:length_3]:Simeone->Rescues; sentence_2[dataset_sample:pos_bucket:OTHER:length_1]:'s->through
vVcWSKae,2,NIM_4,CORNER/THROW-IN,not_important,0.792585,"From Jess, doesn't have to really break stride does he Chiesa? Jelankovic, Vittorigo and Pretzeler all forward.","Doesn't have to really break stride, does he, Chiesa?","You are watching a football match. From Jess, doesn't have to really break stride does he Chiesa? Jelankovic, Vittorigo and Pretzeler all forward. What type of football event is shown? Answer goal or corner.",reproducing_code/vlm-circuits-analysis/data/goal/composites/vVcWSKae/nim/2/NIM_4.png,corner,both,"You are watching a football match. Down Jess, proven't have to really break stride does he Chiesa? Jelankovic, Vittorigo and Pretzeler all forward. What type of football event is shown? Answer goal or corner.",reproducing_code/vlm-circuits-analysis/data/goal/composites_noisy_sigma0p12/vVcWSKae/nim/2/NIM_4.png,goal,coverage_10pct+dataset_sample+qwen_same_token_length+vision_noise+goal_vs_corner,sentence_1[dataset_sample:pos_bucket:VERB:length_1]:does->prove; sentence_1[dataset_sample:pos_bucket:OTHER:length_1]:From->Down
KMdvNjmo,1,NIM_5,CORNER/THROW-IN,not_important,0.188727,.,they have been,You are watching a football match. . What type of football event is shown? Answer goal or corner.,reproducing_code/vlm-circuits-analysis/data/goal/composites/KMdvNjmo/nim/1/NIM_5.png,corner,both,You are watching a football match. they have been. What type of football event is shown? Answer goal or corner.,reproducing_code/vlm-circuits-analysis/data/goal/composites_noisy_sigma0p12/KMdvNjmo/nim/1/NIM_5.png,goal,dataset_sample_fallback+vision_noise+goal_vs_corner,fallback_to_global_text
OtQpc975,1,NIM_7,CORNER/THROW-IN,not_important,0.425881,be opposed to a goal Elliot is so fast,Cagliari so far doing enough to hold out. Ladea. That's a ball given back now.,You are watching a football match. be opposed to a goal Elliot is so fast. What type of football event is shown? Answer goal or corner.,reproducing_code/vlm-circuits-analysis/data/goal/composites/OtQpc975/nim/1/NIM_7.png,corner,both,You are watching a football match. starting opposed to a goal Elliot is so fast. What type of football event is shown? Answer goal or corner.,reproducing_code/vlm-circuits-analysis/data/goal/composites_noisy_sigma0p12/OtQpc975/nim/1/NIM_7.png,goal,coverage_10pct+dataset_sample+qwen_same_token_length+vision_noise+goal_vs_corner,sentence_1[dataset_sample:pos_bucket:VERB:length_1]:be->starting
KMdvNjmo,1,NIM_6,CORNER/THROW-IN,not_important,0.759024,Definitely looks like he's got a free roll there doesn't he? I'm convincing in the third quarter,definitely looks like he's got a free roll there doesn't he well convincing in the third qualifying round,You are watching a football match. Definitely looks like he's got a free roll there doesn't he? I'm convincing in the third quarter. What type of football event is shown? Answer goal or corner.,reproducing_code/vlm-circuits-analysis/data/goal/composites/KMdvNjmo/nim/1/NIM_6.png,corner,both,You are watching a football match. Definitely looks like he's got a free roll up doesn't he? I'm devastating in the third quarter. What type of football event is shown? Answer goal or corner.,reproducing_code/vlm-circuits-analysis/data/goal/composites_noisy_sigma0p12/KMdvNjmo/nim/1/NIM_6.png,goal,coverage_10pct+dataset_sample+qwen_same_token_length+vision_noise+goal_vs_corner,sentence_1[dataset_sample:pos_bucket:OTHER:length_1]:there->up; sentence_2[dataset_sample:pos_bucket:ADJ:length_3]:convincing->devastating
6uUbMpl6,2,NIM_2,CORNER/THROW-IN,not_important,0.775976,Pjanic with the cross. Emre Can thought about the overhead. Away by Moncini. That's Pettanya. That's Miss Q. Will Spall make the change now? That's the question.,Pjanic with the cross Emre Chan thought about the other head way by Moncini that's Petana that's Miss Q,You are watching a football match. Pjanic with the cross. Emre Can thought about the overhead. Away by Moncini. That's Pettanya. That's Miss Q. Will Spall make the change now? That's the question. What type of football event is shown? Answer goal or corner.,reproducing_code/vlm-circuits-analysis/data/goal/composites/6uUbMpl6/nim/2/NIM_2.png,corner,both,You are watching a football match. Wimble with the cross. Emre Float selected about the overhead. Away by Moncini. That's Pettanya. That's Miss Q. Will Spall make the change now? That's the question. What type of football event is shown? Answer goal or corner.,reproducing_code/vlm-circuits-analysis/data/goal/composites_noisy_sigma0p12/6uUbMpl6/nim/2/NIM_2.png,goal,coverage_10pct+dataset_sample+qwen_same_token_length+vision_noise+goal_vs_corner,sentence_2[dataset_sample:pos_bucket:VERB:length_1]:Can->Float; sentence_1[dataset_sample:pos_bucket:ADJ:length_3]:Pjanic->Wimble; sentence_2[dataset_sample:pos_bucket:VERB:length_1]:thought->selected
OtQpc975,1,NIM_6,CORNER/THROW-IN,not_important,0.783541,The crowd are heating up. Zapata haven't eaten too much for him so far.,the crowd are heating up the crowd are heating up he's been involved in a good rally he is come on Zapata haven't heard too much from him so far,You are watching a football match. The crowd are heating up. Zapata haven't eaten too much for him so far. What type of football event is shown? Answer goal or corner.,reproducing_code/vlm-circuits-analysis/data/goal/composites/OtQpc975/nim/1/NIM_6.png,corner,both,You are watching a football match. The crowd are heating up. Prestige forn't eaten too much for him so far. What type of football event is shown? Answer goal or corner.,reproducing_code/vlm-circuits-analysis/data/goal/composites_noisy_sigma0p12/OtQpc975/nim/1/NIM_6.png,goal,coverage_10pct+dataset_sample+qwen_same_token_length+vision_noise+goal_vs_corner,sentence_2[dataset_sample:pos_bucket:VERB:length_1]:have->for; sentence_2[dataset_sample:pos_bucket:NOUN:length_3]:Zapata->Prestige
tE2Jn2J8,2,NIM_14,CORNER/THROW-IN,not_important,0.660007,Is it going to be late heartbreak for Lecce? Betlawdeski with the corner.,Is it going to be a late heartbreak for Necce? Berladescu with the corner.,You are watching a football match. Is it going to be late heartbreak for Lecce? Betlawdeski with the corner. What type of football event is shown? Answer goal or corner.,reproducing_code/vlm-circuits-analysis/data/goal/composites/tE2Jn2J8/nim/2/NIM_14.png,corner,both,You are watching a football match. Remaining it going to be late heartbreak for Mandelizzo? Betlawdeski with the corner. What type of football event is shown? Answer goal or corner.,reproducing_code/vlm-circuits-analysis/data/goal/composites_noisy_sigma0p12/tE2Jn2J8/nim/2/NIM_14.png,goal,coverage_10pct+dataset_sample+qwen_same_token_length+vision_noise+goal_vs_corner,sentence_1[dataset_sample:pos_bucket:PROPN:length_3]:Lecce->Mandelizzo; sentence_1[dataset_sample:pos_bucket:VERB:length_1]:Is->Remaining
ULTDmEW6,2,NIM_1,CORNER/THROW-IN,not_important,0.718227,"West Ham can profit from the corner, moving towards the final minute of the 90. Snodgrass with the delay.",can profit from the corner moving towards the final minute of the 90 Snodgrass with the delivery,"You are watching a football match. West Ham can profit from the corner, moving towards the final minute of the 90. Snodgrass with the delay. What type of football event is shown? Answer goal or corner.",reproducing_code/vlm-circuits-analysis/data/goal/composites/ULTDmEW6/nim/2/NIM_1.png,corner,both,"You are watching a football match. West Ham can profit from the corner, ranking anybody the final minute of the 90. Snodgrass with the delay. What type of football event is shown? Answer goal or corner.",reproducing_code/vlm-circuits-analysis/data/goal/composites_noisy_sigma0p12/ULTDmEW6/nim/2/NIM_1.png,goal,coverage_10pct+dataset_sample+qwen_same_token_length+vision_noise+goal_vs_corner,sentence_1[dataset_sample:pos_bucket:VERB:length_1]:moving->ranking; sentence_1[dataset_sample:pos_bucket:OTHER:length_2]:towards->anybody
pOf6Wnwt,2,NIM_13,CORNER/THROW-IN,not_important,0.818889,"One of them eventually. And Oxlade-Chamberlade, more attack minds of players, you need them to get at. Mario release and try and pull the ball back away from the goalkeeper if you can. This was Alexander-Arnold's side against Barcelona in the semi-final. Cop end of Anfield. In goes the corner, Koulibaly, Henderson's shot deflected.",And Oxlade-Chamberlain has more attack minds of players. You need them to get at Mario Ruiz and try and pull the ball back away from the goalkeeper if you can. This was Alexander-Arnold's side against Barcelona in the semi-final. Cop end of Anfield. In goes the corner. Coulibaly. Henderson's shot deflected. Van Dijk couldn't reach it.,"You are watching a football match. One of them eventually. And Oxlade-Chamberlade, more attack minds of players, you need them to get at. Mario release and try and pull the ball back away from the goalkeeper if you can. This was Alexander-Arnold's side against Barcelona in the semi-final. Cop end of Anfield. In goes the corner, Koulibaly, Henderson's shot deflected. What type of football event is shown? Answer goal or corner.",reproducing_code/vlm-circuits-analysis/data/goal/composites/pOf6Wnwt/nim/2/NIM_13.png,corner,both,"You are watching a football match. One of them eventually. And Oxlade-Randlejovic, more attack minds of players, you need them to get at. Mario release and try and pull the catalog back away from the goalkeeper if by can. This was Alexander-Arnold's side against Barcelona in the next-final. Cop technology of Anfield. In goes forward corner, Koulibaly, Henderson's shot deflected. What type of football event is shown? Answer goal or corner.",reproducing_code/vlm-circuits-analysis/data/goal/composites_noisy_sigma0p12/pOf6Wnwt/nim/2/NIM_13.png,goal,coverage_10pct+dataset_sample+qwen_same_token_length+vision_noise+goal_vs_corner,sentence_2[dataset_sample:pos_bucket:PROPN:length_4]:Chamberlade->Randlejovic; sentence_3[dataset_sample:pos_bucket:OTHER:length_1]:you->by; sentence_3[dataset_sample:pos_bucket:NOUN:length_1]:ball->catalog; sentence_4[dataset_sample:pos_bucket:ADJ:length_1]:semi->next; sentence_6[dataset_sample:pos_bucket:OTHER:length_1]:the->forward; sentence_5[dataset_sample:pos_bucket:NOUN:length_1]:end->technology
Yo4Xirtq,2,NIM_9,CORNER/THROW-IN,not_important,0.921818,"Emerson with a Chelsea corner, headed away by Lacazette, Barkley didn't catch it. Well Rob Holding's been coming on for about an hour.","Emerson with the Chelsea corner, headed away by Lacazette. Barkley didn't catch it.","You are watching a football match. Emerson with a Chelsea corner, headed away by Lacazette, Barkley didn't catch it. Well Rob Holding's been coming on for about an hour. What type of football event is shown? Answer goal or corner.",reproducing_code/vlm-circuits-analysis/data/goal/composites/Yo4Xirtq/nim/2/NIM_9.png,corner,both,"You are watching a football match. Emerson with a Chelsea corner, headed away by Lacazette, Barkley didn't living it. Well Rob Holdinginto been coming on for about an general. What type of football event is shown? Answer goal or corner.",reproducing_code/vlm-circuits-analysis/data/goal/composites_noisy_sigma0p12/Yo4Xirtq/nim/2/NIM_9.png,goal,coverage_10pct+dataset_sample+qwen_same_token_length+vision_noise+goal_vs_corner,sentence_2[dataset_sample:pos_bucket:NOUN:length_1]:hour->general; sentence_2[dataset_sample:pos_bucket:OTHER:length_1]:'s->into; sentence_1[dataset_sample:pos_bucket:VERB:length_1]:catch->living
06FNvY2s,2,NIM_8,CORNER/THROW-IN,not_important,0.914684,Hard to say where it was going before Pizek Anit dived in front of it.,Hard to say where it was going before Pizekanit dived in front of it.,You are watching a football match. Hard to say where it was going before Pizek Anit dived in front of it. What type of football event is shown? Answer goal or corner.,reproducing_code/vlm-circuits-analysis/data/goal/composites/06FNvY2s/nim/2/NIM_8.png,corner,both,You are watching a football match. Hard to say where it was pictured before Pizek Anit dived in stops of it. What type of football event is shown? Answer goal or corner.,reproducing_code/vlm-circuits-analysis/data/goal/composites_noisy_sigma0p12/06FNvY2s/nim/2/NIM_8.png,goal,coverage_10pct+dataset_sample+qwen_same_token_length+vision_noise+goal_vs_corner,sentence_1[dataset_sample:pos_bucket:VERB:length_1]:going->pictured; sentence_1[dataset_sample:pos_bucket:NOUN:length_1]:front->stops
pU7DyBbB,2,NIM_9,CORNER/THROW-IN,not_important,0.986081,Certainly missed Lulic down this left-hand side.,certainly missed Lulic down this left hand side,You are watching a football match. Certainly missed Lulic down this left-hand side. What type of football event is shown? Answer goal or corner.,reproducing_code/vlm-circuits-analysis/data/goal/composites/pU7DyBbB/nim/2/NIM_9.png,corner,both,You are watching a football match. Certainly missed Petricione down this left-hand side. What type of football event is shown? Answer goal or corner.,reproducing_code/vlm-circuits-analysis/data/goal/composites_noisy_sigma0p12/pU7DyBbB/nim/2/NIM_9.png,goal,coverage_10pct+dataset_sample+qwen_same_token_length+vision_noise+goal_vs_corner,sentence_1[dataset_sample:pos_bucket:PROPN:length_3]:Lulic->Petricione
bBW7eQ6s,2,NIM_2,CORNER/THROW-IN,not_important,0.988375,"Another throw in for Sassuolo, which Rodrigo...","another throw in for Sassuolo, which Rodrigo","You are watching a football match. Another throw in for Sassuolo, which Rodrigo... What type of football event is shown? Answer goal or corner.",reproducing_code/vlm-circuits-analysis/data/goal/composites/bBW7eQ6s/nim/2/NIM_2.png,corner,both,"You are watching a football match. Another throw in for Sassuolo, which Dortmund... What type of football event is shown? Answer goal or corner.",reproducing_code/vlm-circuits-analysis/data/goal/composites_noisy_sigma0p12/bBW7eQ6s/nim/2/NIM_2.png,goal,coverage_10pct+dataset_sample+qwen_same_token_length+vision_noise+goal_vs_corner,sentence_1[dataset_sample:pos_bucket:PROPN:length_3]:Rodrigo->Dortmund
W0KvTtjG,1,NIM_6,CORNER/THROW-IN,not_important,0.975111,"Even by their own lofty standards of the past, this team is setting new marks. Tuesday's result in Salzburg took care of one issue. Now the concentration switches to the three competitions they're involved in over Christmas.",even by their own lofty standards of the past. This team is setting new marks. Tuesday's result in Salzburg took care of one issue. Now the concentration switches to the three competitions they're involved in over Christmas.,"You are watching a football match. Even by their own lofty standards of the past, this team is setting new marks. Tuesday's result in Salzburg took care of one issue. Now the concentration switches to the three competitions they're involved in over Christmas. What type of football event is shown? Answer goal or corner.",reproducing_code/vlm-circuits-analysis/data/goal/composites/W0KvTtjG/nim/1/NIM_6.png,corner,both,"You are watching a football match. Even by their own lofty marching of the past, this team is setting new marks. Tuesday's result in Salzburg took group of yeah issue. Now the concentration switches to the three competitions theyearned involved in over Christmas. What type of football event is shown? Answer goal or corner.",reproducing_code/vlm-circuits-analysis/data/goal/composites_noisy_sigma0p12/W0KvTtjG/nim/1/NIM_6.png,goal,coverage_10pct+dataset_sample+qwen_same_token_length+vision_noise+goal_vs_corner,sentence_3[dataset_sample:pos_bucket:VERB:length_1]:'re->earned; sentence_2[dataset_sample:pos_bucket:NOUN:length_1]:care->group; sentence_2[dataset_sample:pos_bucket:OTHER:length_1]:one->yeah; sentence_1[dataset_sample:pos_bucket:NOUN:length_2]:standards->marching
OtQpc975,2,NIM_1,CORNER/THROW-IN,not_important,0.521386,And it's Hattabort fighting for possession. Can't come off. Well there's the full time whistle. Atalanta defeat Cagliari by one goal to nil.,"Hans Hattabur fighting for possession, can't come off.",You are watching a football match. And it's Hattabort fighting for possession. Can't come off. Well there's the full time whistle. Atalanta defeat Cagliari by one goal to nil. What type of football event is shown? Answer goal or corner.,reproducing_code/vlm-circuits-analysis/data/goal/composites/OtQpc975/nim/2/NIM_1.png,corner,both,You are watching a football match. And it's Hattabort fighting for troops. Can't come off. Well there's the full time whistle. Atalanta defeat Cagliari by one oro to joining. What type of football event is shown? Answer goal or corner.,reproducing_code/vlm-circuits-analysis/data/goal/composites_noisy_sigma0p12/OtQpc975/nim/2/NIM_1.png,goal,coverage_10pct+dataset_sample+qwen_same_token_length+vision_noise+goal_vs_corner,sentence_1[dataset_sample:pos_bucket:NOUN:length_2]:possession->troops; sentence_4[dataset_sample:pos_bucket:NOUN:length_1]:goal->oro; sentence_4[dataset_sample:pos_bucket:VERB:length_1]:nil->joining
r9gYBR53,2,NIM_9,CORNER/THROW-IN,not_important,0.493392,We've seen the two down today. Here's the corner. Defended by Ibrahimovic. And again by Vadon Barami. Pandem. Shredder taken up by Barami.,We're two down today. Here's the corner. Fendley by Ibrahimovic. And again by Fadon Barami. Fendley.,You are watching a football match. We've seen the two down today. Here's the corner. Defended by Ibrahimovic. And again by Vadon Barami. Pandem. Shredder taken up by Barami. What type of football event is shown? Answer goal or corner.,reproducing_code/vlm-circuits-analysis/data/goal/composites/r9gYBR53/nim/2/NIM_9.png,corner,both,You are watching a football match. We've seen the two down shows. Here's the corner. Defended past Broses. And again by Vadon Barami. Pandem. Shredder taken up by Barami. What type of football event is shown? Answer goal or corner.,reproducing_code/vlm-circuits-analysis/data/goal/composites_noisy_sigma0p12/r9gYBR53/nim/2/NIM_9.png,goal,coverage_10pct+dataset_sample+qwen_same_token_length+vision_noise+goal_vs_corner,sentence_3[dataset_sample:pos_bucket:OTHER:length_1]:by->past; sentence_3[dataset_sample:pos_bucket:PROPN:length_3]:Ibrahimovic->Broses; sentence_1[dataset_sample:pos_bucket:NOUN:length_1]:today->shows
