clip_id,group_idx,clip_name,event_type,label,similarity,local_text,global_text,prompt,image_paths,answer,cf_mode,cf_prompt,cf_image_paths,cf_answer,cf_prompt_state,cf_prompt_changes
0jJj5Mme,1,IM_15,GOAL,important,0.956679,"Atalanta, they've missed two of the last three penalties for Duvam Zapata to take this one. Duvam Zapata rolls it in. Atalanta are clear and Duvam Zapata has his first goal which is returning from that near three-month layoff.",and Atalanta they've missed two of the last three penalties for Duvam Zapata to take this one Duvam Zapata rolls it in Atalanta are clear and Duvam Zapata has his first goal which returning from that near three month layoff through injury,"You are watching a football match. Atalanta, they've missed two of the last three penalties for Duvam Zapata to take this one. Duvam Zapata rolls it in. Atalanta are clear and Duvam Zapata has his first goal which is returning from that near three-month layoff. Is this a goal? Answer yes or no.",reproducing_code/vlm-circuits-analysis/data/goal/composites/0jJj5Mme/im/1/IM_15.png,yes,vision_only,"You are watching a football match. Atalanta, they've missed two of the last three penalties for Duvam Zapata to take this one. Duvam Zapata rolls it in. Atalanta are clear and Duvam Zapata has his first goal which is returning from that near three-month layoff. Is this a goal? Answer yes or no.",reproducing_code/vlm-circuits-analysis/data/goal/composites_noisy_sigma0p1/0jJj5Mme/im/1/IM_15.png,no,vision_only,
nsbnKlSp,2,IM_7,GOAL,important,0.982138,"He'll be on imminently. Lipped in by Zalanolu, terrific header! Bakayoko's first goal for Milan comes in the derby and gives them hope! What a great header this is from Bakayoko.",He'll be on imminently. Lipped in by Zalanolu. Terrific header. Bakayoko's first goal for Milan. comes in the derby. And gives them hope.,"You are watching a football match. He'll be on imminently. Lipped in by Zalanolu, terrific header! Bakayoko's first goal for Milan comes in the derby and gives them hope! What a great header this is from Bakayoko. Is this a goal? Answer yes or no.",reproducing_code/vlm-circuits-analysis/data/goal/composites/nsbnKlSp/im/2/IM_7.png,yes,vision_only,"You are watching a football match. He'll be on imminently. Lipped in by Zalanolu, terrific header! Bakayoko's first goal for Milan comes in the derby and gives them hope! What a great header this is from Bakayoko. Is this a goal? Answer yes or no.",reproducing_code/vlm-circuits-analysis/data/goal/composites_noisy_sigma0p1/nsbnKlSp/im/2/IM_7.png,no,vision_only,
AmNbkU2m,2,IM_4,GOAL,important,0.880397,"Gundogan. De Bruner finds a clever little apple. Foden, Mahrez, this is really good. Jesus, 2-0. What a move that was by Manchester City. Absolutely gorgeous football.",Gundogan De Bruyne finds a clever little after ball lovely ball Foden Mahrez this is really good Jesus 2-0 what a move that was by Manchester City absolutely gorgeous football,"You are watching a football match. Gundogan. De Bruner finds a clever little apple. Foden, Mahrez, this is really good. Jesus, 2-0. What a move that was by Manchester City. Absolutely gorgeous football. Is this a goal? Answer yes or no.",reproducing_code/vlm-circuits-analysis/data/goal/composites/AmNbkU2m/im/2/IM_4.png,yes,vision_only,"You are watching a football match. Gundogan. De Bruner finds a clever little apple. Foden, Mahrez, this is really good. Jesus, 2-0. What a move that was by Manchester City. Absolutely gorgeous football. Is this a goal? Answer yes or no.",reproducing_code/vlm-circuits-analysis/data/goal/composites_noisy_sigma0p1/AmNbkU2m/im/2/IM_4.png,no,vision_only,
reYzH7wg,1,IM_7,GOAL,important,0.238571,Short pass.,Murillo. Murillo. Murillo. Murillo. Here's a chance for John. Mario. Parried by Szczesny. Murillo. 1-0 on Clemere Moscow. Approaching the half hour.,You are watching a football match. Short pass. Is this a goal? Answer yes or no.,reproducing_code/vlm-circuits-analysis/data/goal/composites/reYzH7wg/im/1/IM_7.png,yes,vision_only,You are watching a football match. Short pass. Is this a goal? Answer yes or no.,reproducing_code/vlm-circuits-analysis/data/goal/composites_noisy_sigma0p1/reYzH7wg/im/1/IM_7.png,no,vision_only,
OziK3ff0,1,IM_10,GOAL,important,0.918909,"In a more of a cheeky way to claim the goal. In step, leaving Drakowski without a hope. He said he wanted to score a goal.","more of a cheeky way to claim the goal. In step, leaving Drakowski without a hope.","You are watching a football match. In a more of a cheeky way to claim the goal. In step, leaving Drakowski without a hope. He said he wanted to score a goal. Is this a goal? Answer yes or no.",reproducing_code/vlm-circuits-analysis/data/goal/composites/OziK3ff0/im/1/IM_10.png,yes,vision_only,"You are watching a football match. In a more of a cheeky way to claim the goal. In step, leaving Drakowski without a hope. He said he wanted to score a goal. Is this a goal? Answer yes or no.",reproducing_code/vlm-circuits-analysis/data/goal/composites_noisy_sigma0p1/OziK3ff0/im/1/IM_10.png,no,vision_only,
xx6GTsEM,2,IM_1,GOAL,important,0.744718,"Oh, that's a very, very weak ball from Hataboa. The play breaks down and Elisverona go on the search of a counter again. Zakania has men inside there. That is a wonderful ball. Blazovic can square it. Should be a tap in. It is. It's a brilliant team move. Di Carbone has his second of the game. And Elisverona are back in front.",oh that's a very very weak ball from hataboa the play breaks down and el s verona go on the search of a counter again zaccani has men inside there that is a wonderful ball lazovic can square it should be a tap in it is it's a brilliant team move di carbonate has a second of the game and el s verona are back in front,"You are watching a football match. Oh, that's a very, very weak ball from Hataboa. The play breaks down and Elisverona go on the search of a counter again. Zakania has men inside there. That is a wonderful ball. Blazovic can square it. Should be a tap in. It is. It's a brilliant team move. Di Carbone has his second of the game. And Elisverona are back in front. Is this a goal? Answer yes or no.",reproducing_code/vlm-circuits-analysis/data/goal/composites/xx6GTsEM/im/2/IM_1.png,yes,vision_only,"You are watching a football match. Oh, that's a very, very weak ball from Hataboa. The play breaks down and Elisverona go on the search of a counter again. Zakania has men inside there. That is a wonderful ball. Blazovic can square it. Should be a tap in. It is. It's a brilliant team move. Di Carbone has his second of the game. And Elisverona are back in front. Is this a goal? Answer yes or no.",reproducing_code/vlm-circuits-analysis/data/goal/composites_noisy_sigma0p1/xx6GTsEM/im/2/IM_1.png,no,vision_only,
xx6GTsEM,2,IM_9,GOAL,important,0.898919,"Scored his last three, including two against Udinese. On this ground. And Morial to bring Atalanta level. Does so. Paul Carman collected another lifeline for Atalanta. And we are all square. We expected goals in this tie. We've got four of them. And there's still 25 minutes to play.",scored his last three including two against udonese on this ground and morial to bring atalanta level and we are all square we expected goals in this tie we've got four of them and there's still 25 minutes to play,"You are watching a football match. Scored his last three, including two against Udinese. On this ground. And Morial to bring Atalanta level. Does so. Paul Carman collected another lifeline for Atalanta. And we are all square. We expected goals in this tie. We've got four of them. And there's still 25 minutes to play. Is this a goal? Answer yes or no.",reproducing_code/vlm-circuits-analysis/data/goal/composites/xx6GTsEM/im/2/IM_9.png,yes,vision_only,"You are watching a football match. Scored his last three, including two against Udinese. On this ground. And Morial to bring Atalanta level. Does so. Paul Carman collected another lifeline for Atalanta. And we are all square. We expected goals in this tie. We've got four of them. And there's still 25 minutes to play. Is this a goal? Answer yes or no.",reproducing_code/vlm-circuits-analysis/data/goal/composites_noisy_sigma0p1/xx6GTsEM/im/2/IM_9.png,no,vision_only,
UBdITpNb,1,IM_7,GOAL,important,0.998931,"Genk out of nothing could so easily there have been back on level terms. Genk's first corner, they are back on level terms now.",Genk out of nothing could so easily there have been back on level terms. Genk's first corner. They are back on level terms now.,"You are watching a football match. Genk out of nothing could so easily there have been back on level terms. Genk's first corner, they are back on level terms now. Is this a goal? Answer yes or no.",reproducing_code/vlm-circuits-analysis/data/goal/composites/UBdITpNb/im/1/IM_7.png,yes,vision_only,"You are watching a football match. Genk out of nothing could so easily there have been back on level terms. Genk's first corner, they are back on level terms now. Is this a goal? Answer yes or no.",reproducing_code/vlm-circuits-analysis/data/goal/composites_noisy_sigma0p1/UBdITpNb/im/1/IM_7.png,no,vision_only,
bZhxz4I5,2,IM_3,GOAL,important,0.806091,It's a fine goal. Robin Gosens started it and he finished it.,Auf Gosen's with a good ball in to Ily Check It's a fine goal. Robin Gosens started it and he finished it.,You are watching a football match. It's a fine goal. Robin Gosens started it and he finished it. Is this a goal? Answer yes or no.,reproducing_code/vlm-circuits-analysis/data/goal/composites/bZhxz4I5/im/2/IM_3.png,yes,vision_only,You are watching a football match. It's a fine goal. Robin Gosens started it and he finished it. Is this a goal? Answer yes or no.,reproducing_code/vlm-circuits-analysis/data/goal/composites_noisy_sigma0p1/bZhxz4I5/im/2/IM_3.png,no,vision_only,
bBW7eQ6s,1,IM_2,GOAL,important,0.958105,"They've got the craft and guile to find a way past this Atalanta back line. Here's Alfred Duncan, lovely layoff, oh and it's a goal and it's put away by Berardi for Sassuolo.","They've got the craft and guile to find a way past this Atalanta back line. Here's Alfred Duncan. Lovely layoff. Oh, and it's a goal, and it's put away by Berradi for Sassuolo.","You are watching a football match. They've got the craft and guile to find a way past this Atalanta back line. Here's Alfred Duncan, lovely layoff, oh and it's a goal and it's put away by Berardi for Sassuolo. Is this a goal? Answer yes or no.",reproducing_code/vlm-circuits-analysis/data/goal/composites/bBW7eQ6s/im/1/IM_2.png,yes,vision_only,"You are watching a football match. They've got the craft and guile to find a way past this Atalanta back line. Here's Alfred Duncan, lovely layoff, oh and it's a goal and it's put away by Berardi for Sassuolo. Is this a goal? Answer yes or no.",reproducing_code/vlm-circuits-analysis/data/goal/composites_noisy_sigma0p1/bBW7eQ6s/im/1/IM_2.png,no,vision_only,
bevos1dM,2,IM_8,GOAL,important,0.885495,"Kometic puts out Hudson-Odoi. Nicely weighted ball to Willian. And it's Christian Pulisic into the danger area, it's in! Well, that's for the quota might have got the final...","Kovacic picks out Hudson-Odoi. Nicely weighted ball to Willian, and it's Christian Toulisic into the danger area, it's in!","You are watching a football match. Kometic puts out Hudson-Odoi. Nicely weighted ball to Willian. And it's Christian Pulisic into the danger area, it's in! Well, that's for the quota might have got the final... Is this a goal? Answer yes or no.",reproducing_code/vlm-circuits-analysis/data/goal/composites/bevos1dM/im/2/IM_8.png,yes,vision_only,"You are watching a football match. Kometic puts out Hudson-Odoi. Nicely weighted ball to Willian. And it's Christian Pulisic into the danger area, it's in! Well, that's for the quota might have got the final... Is this a goal? Answer yes or no.",reproducing_code/vlm-circuits-analysis/data/goal/composites_noisy_sigma0p1/bevos1dM/im/2/IM_8.png,no,vision_only,
hK46TwNp,1,IM_12,GOAL,important,0.847231,"And that second one, brilliant from Lacazette. It really is. Good pass for Chongen there with that one as well. Wonderful strike to Finlay.",and that second one brilliant from Lacazette it really is goes past for Chongan there with that one as well wonderful strike,"You are watching a football match. And that second one, brilliant from Lacazette. It really is. Good pass for Chongen there with that one as well. Wonderful strike to Finlay. Is this a goal? Answer yes or no.",reproducing_code/vlm-circuits-analysis/data/goal/composites/hK46TwNp/im/1/IM_12.png,yes,vision_only,"You are watching a football match. And that second one, brilliant from Lacazette. It really is. Good pass for Chongen there with that one as well. Wonderful strike to Finlay. Is this a goal? Answer yes or no.",reproducing_code/vlm-circuits-analysis/data/goal/composites_noisy_sigma0p1/hK46TwNp/im/1/IM_12.png,no,vision_only,
ABcIbvu8,1,IM_4,GOAL,important,0.877990,Lovely layoff for Ozil. Chiarantini once again is on the scene. It's Obamayang. It's blocked by Bertrand. But Lacazette is there. And boy did Arsenal.,lovely layoff Aubameyang for Ozil for Ozil Kieran Tierney once again is on the scene it's Aubameyang it's blocked by Bertrand but Lacazette is there and boy did Arsenal,You are watching a football match. Lovely layoff for Ozil. Chiarantini once again is on the scene. It's Obamayang. It's blocked by Bertrand. But Lacazette is there. And boy did Arsenal. Is this a goal? Answer yes or no.,reproducing_code/vlm-circuits-analysis/data/goal/composites/ABcIbvu8/im/1/IM_4.png,yes,vision_only,You are watching a football match. Lovely layoff for Ozil. Chiarantini once again is on the scene. It's Obamayang. It's blocked by Bertrand. But Lacazette is there. And boy did Arsenal. Is this a goal? Answer yes or no.,reproducing_code/vlm-circuits-analysis/data/goal/composites_noisy_sigma0p1/ABcIbvu8/im/1/IM_4.png,no,vision_only,
63fde7Re,1,IM_2,GOAL,important,0.973480,"Of course, Lorenzo Pellegrini. Another Roma youth player and Roman born. Here comes the young Turk, Under. Cuts back inside, decent delivery, back here! OOOOOOOOH! What a goal from Pastore! That is well clear!","Of course, Lorenzo Pellegrini. Another Roma youth player and Roman born. Here comes a young Turk, Under. Cuts back inside. Decent delivery, back here! Oh! What a goal from Pastore! That is world class!","You are watching a football match. Of course, Lorenzo Pellegrini. Another Roma youth player and Roman born. Here comes the young Turk, Under. Cuts back inside, decent delivery, back here! OOOOOOOOH! What a goal from Pastore! That is well clear! Is this a goal? Answer yes or no.",reproducing_code/vlm-circuits-analysis/data/goal/composites/63fde7Re/im/1/IM_2.png,yes,vision_only,"You are watching a football match. Of course, Lorenzo Pellegrini. Another Roma youth player and Roman born. Here comes the young Turk, Under. Cuts back inside, decent delivery, back here! OOOOOOOOH! What a goal from Pastore! That is well clear! Is this a goal? Answer yes or no.",reproducing_code/vlm-circuits-analysis/data/goal/composites_noisy_sigma0p1/63fde7Re/im/1/IM_2.png,no,vision_only,
G6wyC3XE,1,IM_7,GOAL,important,0.464370,"Andy Robertson manages to pull it back, it's gone all the way across and Neto! Stuns Anfield with an equaliser right on the brink of...","and manages to pull it back, it's gone all the way across, and Nitto!","You are watching a football match. Andy Robertson manages to pull it back, it's gone all the way across and Neto! Stuns Anfield with an equaliser right on the brink of... Is this a goal? Answer yes or no.",reproducing_code/vlm-circuits-analysis/data/goal/composites/G6wyC3XE/im/1/IM_7.png,yes,vision_only,"You are watching a football match. Andy Robertson manages to pull it back, it's gone all the way across and Neto! Stuns Anfield with an equaliser right on the brink of... Is this a goal? Answer yes or no.",reproducing_code/vlm-circuits-analysis/data/goal/composites_noisy_sigma0p1/G6wyC3XE/im/1/IM_7.png,no,vision_only,
GEF9XGeE,1,IM_4,GOAL,important,0.609006,In up! That's a sensational goal!,that's a sensational goal,You are watching a football match. In up! That's a sensational goal! Is this a goal? Answer yes or no.,reproducing_code/vlm-circuits-analysis/data/goal/composites/GEF9XGeE/im/1/IM_4.png,yes,vision_only,You are watching a football match. In up! That's a sensational goal! Is this a goal? Answer yes or no.,reproducing_code/vlm-circuits-analysis/data/goal/composites_noisy_sigma0p1/GEF9XGeE/im/1/IM_4.png,no,vision_only,
fN94DUin,2,IM_11,GOAL,important,0.970647,"28 goals between them now this season. 25 of those seeing Serie A. That's Kuchka, oh it's in!",28 goals between them now this season. 25 of those seeing Serie A. That's Kuchka.,"You are watching a football match. 28 goals between them now this season. 25 of those seeing Serie A. That's Kuchka, oh it's in! Is this a goal? Answer yes or no.",reproducing_code/vlm-circuits-analysis/data/goal/composites/fN94DUin/im/2/IM_11.png,yes,vision_only,"You are watching a football match. 28 goals between them now this season. 25 of those seeing Serie A. That's Kuchka, oh it's in! Is this a goal? Answer yes or no.",reproducing_code/vlm-circuits-analysis/data/goal/composites_noisy_sigma0p1/fN94DUin/im/2/IM_11.png,no,vision_only,
63fde7Re,1,IM_6,GOAL,important,0.645654,"Ancini, that's done. Jump into midfield again, Atalanta win it in there. Off they go again, spreading the play, Roma stretched once more. Zapata's got the pace here, maybe. Gets a shot away off the pause! And it turns!",Zapat has got the pace here maybe. Gets a shot away off the post. And it turns home. Castan following up. And Atalanta deservedly back on level terms. Well you've got to say that was coming. Roma were slack at the back. And Zapatan. Didn't need to be asked twice to fire off the shot. Castan following up. Well you've got to say that was coming.,"You are watching a football match. Ancini, that's done. Jump into midfield again, Atalanta win it in there. Off they go again, spreading the play, Roma stretched once more. Zapata's got the pace here, maybe. Gets a shot away off the pause! And it turns! Is this a goal? Answer yes or no.",reproducing_code/vlm-circuits-analysis/data/goal/composites/63fde7Re/im/1/IM_6.png,yes,vision_only,"You are watching a football match. Ancini, that's done. Jump into midfield again, Atalanta win it in there. Off they go again, spreading the play, Roma stretched once more. Zapata's got the pace here, maybe. Gets a shot away off the pause! And it turns! Is this a goal? Answer yes or no.",reproducing_code/vlm-circuits-analysis/data/goal/composites_noisy_sigma0p1/63fde7Re/im/1/IM_6.png,no,vision_only,
4rxwHJn7,2,IM_14,GOAL,important,0.335536,As Diwala delivers! And Dilic makes up.,As Dubal delivers! And De Ligt makes absolutely short.,You are watching a football match. As Diwala delivers! And Dilic makes up. Is this a goal? Answer yes or no.,reproducing_code/vlm-circuits-analysis/data/goal/composites/4rxwHJn7/im/2/IM_14.png,yes,vision_only,You are watching a football match. As Diwala delivers! And Dilic makes up. Is this a goal? Answer yes or no.,reproducing_code/vlm-circuits-analysis/data/goal/composites_noisy_sigma0p1/4rxwHJn7/im/2/IM_14.png,no,vision_only,
Yo4Xirtq,1,IM_6,GOAL,important,0.749742,"I'll see whether Leno can stop it. Here's the steady run up and a little place into the corner. And it's Mr Corr listening from the penalty spot, Giorginio. It's Chelsea 1, Arsenal 0 and Arsenal down to ten men.","We'll see whether Leno can stop it. Here's the steady run-up. And a little place into the corner. And he's missed a call, isn't he, from the penalty spot, Giorginio.","You are watching a football match. I'll see whether Leno can stop it. Here's the steady run up and a little place into the corner. And it's Mr Corr listening from the penalty spot, Giorginio. It's Chelsea 1, Arsenal 0 and Arsenal down to ten men. Is this a goal? Answer yes or no.",reproducing_code/vlm-circuits-analysis/data/goal/composites/Yo4Xirtq/im/1/IM_6.png,yes,vision_only,"You are watching a football match. I'll see whether Leno can stop it. Here's the steady run up and a little place into the corner. And it's Mr Corr listening from the penalty spot, Giorginio. It's Chelsea 1, Arsenal 0 and Arsenal down to ten men. Is this a goal? Answer yes or no.",reproducing_code/vlm-circuits-analysis/data/goal/composites_noisy_sigma0p1/Yo4Xirtq/im/1/IM_6.png,no,vision_only,
reYzH7wg,1,IM_10,GOAL,important,0.732830,It's his favorite foot and he powered it in. Szczesny can only power it out dangerously back into the middle.,It's his favoured foot. And he powered it in. Czesny could only parry it out dangerously back into the middle.,You are watching a football match. It's his favorite foot and he powered it in. Szczesny can only power it out dangerously back into the middle. Is this a goal? Answer yes or no.,reproducing_code/vlm-circuits-analysis/data/goal/composites/reYzH7wg/im/1/IM_10.png,yes,vision_only,You are watching a football match. It's his favorite foot and he powered it in. Szczesny can only power it out dangerously back into the middle. Is this a goal? Answer yes or no.,reproducing_code/vlm-circuits-analysis/data/goal/composites_noisy_sigma0p1/reYzH7wg/im/1/IM_10.png,no,vision_only,
0jJj5Mme,2,IM_16,GOAL,important,1.000000,This is becoming something very noteworthy. Six goals to nil on the road.,This is becoming something very noteworthy. Six goals to nil on the road.,You are watching a football match. This is becoming something very noteworthy. Six goals to nil on the road. Is this a goal? Answer yes or no.,reproducing_code/vlm-circuits-analysis/data/goal/composites/0jJj5Mme/im/2/IM_16.png,yes,vision_only,You are watching a football match. This is becoming something very noteworthy. Six goals to nil on the road. Is this a goal? Answer yes or no.,reproducing_code/vlm-circuits-analysis/data/goal/composites_noisy_sigma0p1/0jJj5Mme/im/2/IM_16.png,no,vision_only,
l0uNkr78,2,IM_4,GOAL,important,0.796239,Watch the ball end up in the back of the net. Wow.,the ball end up in the back of the net.,You are watching a football match. Watch the ball end up in the back of the net. Wow. Is this a goal? Answer yes or no.,reproducing_code/vlm-circuits-analysis/data/goal/composites/l0uNkr78/im/2/IM_4.png,yes,vision_only,You are watching a football match. Watch the ball end up in the back of the net. Wow. Is this a goal? Answer yes or no.,reproducing_code/vlm-circuits-analysis/data/goal/composites_noisy_sigma0p1/l0uNkr78/im/2/IM_4.png,no,vision_only,
ChTFpiaS,1,IM_1,GOAL,important,0.952936,"Romeo, Danny Ings, and Redmond has no one to hit in the middle, has to wait for support, including Armstrong, and it's dropped and Wattrouse pounces. A rare moment of joy in a miserable week for Southampton.",Romeo Danny Ings and Redmond has no one to hit in the middle has to wait for support including Armstrong and it's dropped and Ward Troush pounces a rare moment of joy in a miserable week for Southampton,"You are watching a football match. Romeo, Danny Ings, and Redmond has no one to hit in the middle, has to wait for support, including Armstrong, and it's dropped and Wattrouse pounces. A rare moment of joy in a miserable week for Southampton. Is this a goal? Answer yes or no.",reproducing_code/vlm-circuits-analysis/data/goal/composites/ChTFpiaS/im/1/IM_1.png,yes,vision_only,"You are watching a football match. Romeo, Danny Ings, and Redmond has no one to hit in the middle, has to wait for support, including Armstrong, and it's dropped and Wattrouse pounces. A rare moment of joy in a miserable week for Southampton. Is this a goal? Answer yes or no.",reproducing_code/vlm-circuits-analysis/data/goal/composites_noisy_sigma0p1/ChTFpiaS/im/1/IM_1.png,no,vision_only,
0jJj5Mme,1,IM_10,GOAL,important,0.976865,A wonderful strike from the edge of the box. Atalanta have been rampant and now they have a second goal to show.,a wonderful strike from the edge of the box Atalanta have been rampant and now they have a second goal to show for it,You are watching a football match. A wonderful strike from the edge of the box. Atalanta have been rampant and now they have a second goal to show. Is this a goal? Answer yes or no.,reproducing_code/vlm-circuits-analysis/data/goal/composites/0jJj5Mme/im/1/IM_10.png,yes,vision_only,You are watching a football match. A wonderful strike from the edge of the box. Atalanta have been rampant and now they have a second goal to show. Is this a goal? Answer yes or no.,reproducing_code/vlm-circuits-analysis/data/goal/composites_noisy_sigma0p1/0jJj5Mme/im/1/IM_10.png,no,vision_only,
UcZVYDFH,2,IM_5,GOAL,important,1.000000,Against Ospina. Rolled into the corner from Andrea Bellotti. He may have missed three of his last four penalties.,Against Ospina. Rolled into the corner from Andrea Bellotti. He may have missed three of his last four penalties.,You are watching a football match. Against Ospina. Rolled into the corner from Andrea Bellotti. He may have missed three of his last four penalties. Is this a goal? Answer yes or no.,reproducing_code/vlm-circuits-analysis/data/goal/composites/UcZVYDFH/im/2/IM_5.png,yes,vision_only,You are watching a football match. Against Ospina. Rolled into the corner from Andrea Bellotti. He may have missed three of his last four penalties. Is this a goal? Answer yes or no.,reproducing_code/vlm-circuits-analysis/data/goal/composites_noisy_sigma0p1/UcZVYDFH/im/2/IM_5.png,no,vision_only,
Yo4Xirtq,2,IM_5,GOAL,important,0.954366,"He's travelling into the area anyway so he's up and about. What a short Chelsea, corner high, squeezed in, it has been a quarter. When Chelsea needed him, the captain steps up with the goal. Chelsea 2, Arsenal 1. It was a bit of a mess this split because Tammy Abraham's in the offside position.","He's travelling into the area anyway, so he's up and about. What a short Chelsea. Corner high, squeezed in. It has Belakweta. And when Chelsea needed him, the captain steps up with the goal. Chelsea 2, Arsenal 1. It was a bit of a mess this split because Tammy Abraham's in the offside position,","You are watching a football match. He's travelling into the area anyway so he's up and about. What a short Chelsea, corner high, squeezed in, it has been a quarter. When Chelsea needed him, the captain steps up with the goal. Chelsea 2, Arsenal 1. It was a bit of a mess this split because Tammy Abraham's in the offside position. Is this a goal? Answer yes or no.",reproducing_code/vlm-circuits-analysis/data/goal/composites/Yo4Xirtq/im/2/IM_5.png,yes,vision_only,"You are watching a football match. He's travelling into the area anyway so he's up and about. What a short Chelsea, corner high, squeezed in, it has been a quarter. When Chelsea needed him, the captain steps up with the goal. Chelsea 2, Arsenal 1. It was a bit of a mess this split because Tammy Abraham's in the offside position. Is this a goal? Answer yes or no.",reproducing_code/vlm-circuits-analysis/data/goal/composites_noisy_sigma0p1/Yo4Xirtq/im/2/IM_5.png,no,vision_only,
6ZIJp6HI,2,IM_2,GOAL,important,0.835736,"Looking a little bit tired and leggy in that midfielder. Here goes Felipe Anderson again, the Brazilian. Is this the moment? It most certainly is. And for him too, the wait is over. Felipe Anderson...",looking a little bit tired and leggy in that midfielder here goes felipe anderson again the brazilian is this the moment it most certainly is and for him too the weight is over felipe anderson,"You are watching a football match. Looking a little bit tired and leggy in that midfielder. Here goes Felipe Anderson again, the Brazilian. Is this the moment? It most certainly is. And for him too, the wait is over. Felipe Anderson... Is this a goal? Answer yes or no.",reproducing_code/vlm-circuits-analysis/data/goal/composites/6ZIJp6HI/im/2/IM_2.png,yes,vision_only,"You are watching a football match. Looking a little bit tired and leggy in that midfielder. Here goes Felipe Anderson again, the Brazilian. Is this the moment? It most certainly is. And for him too, the wait is over. Felipe Anderson... Is this a goal? Answer yes or no.",reproducing_code/vlm-circuits-analysis/data/goal/composites_noisy_sigma0p1/6ZIJp6HI/im/2/IM_2.png,no,vision_only,
OziK3ff0,1,IM_1,GOAL,important,0.844092,"It seems it's going to be able to be sustained. This is Cigarini now, looking for the options. A lot of space, but Nyangolam works it through. Oh, yes! Oh, what a goal! Cagliari ripped Fiorentina open. And that is Champions League quality football.",It seems it's going to be able to be sustained. This is Cigarini now. Looking for the options. A lot of space. But Nyangolam works it through. Rob. Oh yes. Oh what a goal. Cagliari ripped Fiorentina open.,"You are watching a football match. It seems it's going to be able to be sustained. This is Cigarini now, looking for the options. A lot of space, but Nyangolam works it through. Oh, yes! Oh, what a goal! Cagliari ripped Fiorentina open. And that is Champions League quality football. Is this a goal? Answer yes or no.",reproducing_code/vlm-circuits-analysis/data/goal/composites/OziK3ff0/im/1/IM_1.png,yes,vision_only,"You are watching a football match. It seems it's going to be able to be sustained. This is Cigarini now, looking for the options. A lot of space, but Nyangolam works it through. Oh, yes! Oh, what a goal! Cagliari ripped Fiorentina open. And that is Champions League quality football. Is this a goal? Answer yes or no.",reproducing_code/vlm-circuits-analysis/data/goal/composites_noisy_sigma0p1/OziK3ff0/im/1/IM_1.png,no,vision_only,
pU7DyBbB,1,IM_3,GOAL,important,0.894841,"Lucas Leiva getting forward, Carola gets the first cross in, just follows it up and there's the finish, no chance for the goalkeeper, Gallini. Caicedo does really well for him as well.",Lucas Leva getting forward Pirolo gets the first cross in just follows it up and there's the finish no chance for the goalkeeper Gallini Caicedo does really well for him as well,"You are watching a football match. Lucas Leiva getting forward, Carola gets the first cross in, just follows it up and there's the finish, no chance for the goalkeeper, Gallini. Caicedo does really well for him as well. Is this a goal? Answer yes or no.",reproducing_code/vlm-circuits-analysis/data/goal/composites/pU7DyBbB/im/1/IM_3.png,yes,vision_only,"You are watching a football match. Lucas Leiva getting forward, Carola gets the first cross in, just follows it up and there's the finish, no chance for the goalkeeper, Gallini. Caicedo does really well for him as well. Is this a goal? Answer yes or no.",reproducing_code/vlm-circuits-analysis/data/goal/composites_noisy_sigma0p1/pU7DyBbB/im/1/IM_3.png,no,vision_only,
xx6GTsEM,2,IM_13,GOAL,important,0.854898,Alamino. It's a lovely little threat. Jim City! Atalanta has won it at the deck!,Alamino puts it in it's a lovely little threat Jim City Atalanta have won it at the deck,You are watching a football match. Alamino. It's a lovely little threat. Jim City! Atalanta has won it at the deck! Is this a goal? Answer yes or no.,reproducing_code/vlm-circuits-analysis/data/goal/composites/xx6GTsEM/im/2/IM_13.png,yes,vision_only,You are watching a football match. Alamino. It's a lovely little threat. Jim City! Atalanta has won it at the deck! Is this a goal? Answer yes or no.,reproducing_code/vlm-circuits-analysis/data/goal/composites_noisy_sigma0p1/xx6GTsEM/im/2/IM_13.png,no,vision_only,
nsbnKlSp,1,IM_2,GOAL,important,0.980472,Here's Vecino. Now Perisic looking to float that cross into Martinez. And Vecino hammers it home.,here's Vecino now Perisic looking to float that cross into Martinez and Vecino hammers it home,You are watching a football match. Here's Vecino. Now Perisic looking to float that cross into Martinez. And Vecino hammers it home. Is this a goal? Answer yes or no.,reproducing_code/vlm-circuits-analysis/data/goal/composites/nsbnKlSp/im/1/IM_2.png,yes,vision_only,You are watching a football match. Here's Vecino. Now Perisic looking to float that cross into Martinez. And Vecino hammers it home. Is this a goal? Answer yes or no.,reproducing_code/vlm-circuits-analysis/data/goal/composites_noisy_sigma0p1/nsbnKlSp/im/1/IM_2.png,no,vision_only,
ChTFpiaS,2,IM_11,GOAL,important,0.921123,Foden. Foden. Anchor leader. It's up there for Jesus. It might fall for City. He does. Manchester City find a way through.,Foden Foden anchor leader it's up there for Jesus it might fall for City it does Manchester City find a way through,You are watching a football match. Foden. Foden. Anchor leader. It's up there for Jesus. It might fall for City. He does. Manchester City find a way through. Is this a goal? Answer yes or no.,reproducing_code/vlm-circuits-analysis/data/goal/composites/ChTFpiaS/im/2/IM_11.png,yes,vision_only,You are watching a football match. Foden. Foden. Anchor leader. It's up there for Jesus. It might fall for City. He does. Manchester City find a way through. Is this a goal? Answer yes or no.,reproducing_code/vlm-circuits-analysis/data/goal/composites_noisy_sigma0p1/ChTFpiaS/im/2/IM_11.png,no,vision_only,
bBW7eQ6s,1,IM_4,GOAL,important,0.960185,"Spots of rain falling from the sky on Zapata. Finally bundles it over the line. It looked as if the chance had gone, but finally he found a way to get the ball over the line.",Spits and spots of rain falling from the sky. And Zapata. Finally bundles it over the line. It looked as if the chance had gone. But finally. He found a way to get the ball over the line.,"You are watching a football match. Spots of rain falling from the sky on Zapata. Finally bundles it over the line. It looked as if the chance had gone, but finally he found a way to get the ball over the line. Is this a goal? Answer yes or no.",reproducing_code/vlm-circuits-analysis/data/goal/composites/bBW7eQ6s/im/1/IM_4.png,yes,vision_only,"You are watching a football match. Spots of rain falling from the sky on Zapata. Finally bundles it over the line. It looked as if the chance had gone, but finally he found a way to get the ball over the line. Is this a goal? Answer yes or no.",reproducing_code/vlm-circuits-analysis/data/goal/composites_noisy_sigma0p1/bBW7eQ6s/im/1/IM_4.png,no,vision_only,
r9gYBR53,1,IM_2,GOAL,important,0.920617,"Hernandez losing out there. Sanabria. Decent run, it's a good ball made. And there's the opening goal. And it's tucked away by Goran Pande.",but Hernandez losing out there. Sanabria. Decent run from Mizra. Good ball made. And there's the opening goal. And it's tucked away by Goran Pandev.,"You are watching a football match. Hernandez losing out there. Sanabria. Decent run, it's a good ball made. And there's the opening goal. And it's tucked away by Goran Pande. Is this a goal? Answer yes or no.",reproducing_code/vlm-circuits-analysis/data/goal/composites/r9gYBR53/im/1/IM_2.png,yes,vision_only,"You are watching a football match. Hernandez losing out there. Sanabria. Decent run, it's a good ball made. And there's the opening goal. And it's tucked away by Goran Pande. Is this a goal? Answer yes or no.",reproducing_code/vlm-circuits-analysis/data/goal/composites_noisy_sigma0p1/r9gYBR53/im/1/IM_2.png,no,vision_only,
ABcIbvu8,1,IM_1,GOAL,important,0.984416,"Ward Prowse, Bertrand, Redmond. It's going to be a free kick in fact. The referee happy for Southampton to take it quickly. It's Danny Ings! And it's a brilliant start for Southampton!",Ward-Prowse. Bertrand. Redmond. It's going to be a free kick in fact. The referee happy for Southampton to take it quickly. It's Danny Ings! And it's a brilliant start for Southampton.,"You are watching a football match. Ward Prowse, Bertrand, Redmond. It's going to be a free kick in fact. The referee happy for Southampton to take it quickly. It's Danny Ings! And it's a brilliant start for Southampton! Is this a goal? Answer yes or no.",reproducing_code/vlm-circuits-analysis/data/goal/composites/ABcIbvu8/im/1/IM_1.png,yes,vision_only,"You are watching a football match. Ward Prowse, Bertrand, Redmond. It's going to be a free kick in fact. The referee happy for Southampton to take it quickly. It's Danny Ings! And it's a brilliant start for Southampton! Is this a goal? Answer yes or no.",reproducing_code/vlm-circuits-analysis/data/goal/composites_noisy_sigma0p1/ABcIbvu8/im/1/IM_1.png,no,vision_only,
IwW928Oa,2,IM_15,GOAL,important,0.996251,"Slides it into the back of the net. City cruising, one of their easiest and best away performances.",Slides it into the back of the net. City cruising. One of their easiest and best away performances.,"You are watching a football match. Slides it into the back of the net. City cruising, one of their easiest and best away performances. Is this a goal? Answer yes or no.",reproducing_code/vlm-circuits-analysis/data/goal/composites/IwW928Oa/im/2/IM_15.png,yes,vision_only,"You are watching a football match. Slides it into the back of the net. City cruising, one of their easiest and best away performances. Is this a goal? Answer yes or no.",reproducing_code/vlm-circuits-analysis/data/goal/composites_noisy_sigma0p1/IwW928Oa/im/2/IM_15.png,no,vision_only,
Ov5idmCk,1,IM_5,GOAL,important,0.571857,Brilliant finish. Ospina beaten by Giacomo Bonaventura. And Milan have the lead at the San Paolo. What a magnificent finish this is.,Brilliant finish. What a magnificent finish this is.,You are watching a football match. Brilliant finish. Ospina beaten by Giacomo Bonaventura. And Milan have the lead at the San Paolo. What a magnificent finish this is. Is this a goal? Answer yes or no.,reproducing_code/vlm-circuits-analysis/data/goal/composites/Ov5idmCk/im/1/IM_5.png,yes,vision_only,You are watching a football match. Brilliant finish. Ospina beaten by Giacomo Bonaventura. And Milan have the lead at the San Paolo. What a magnificent finish this is. Is this a goal? Answer yes or no.,reproducing_code/vlm-circuits-analysis/data/goal/composites_noisy_sigma0p1/Ov5idmCk/im/1/IM_5.png,no,vision_only,
KIMzryr9,2,IM_8,GOAL,important,0.908467,"So just watch this, they give the ball away, Candrever's down that right-hand side, now Weigl here drops in, watch, he runs, plays everybody onside, if he steps up with Hummels, they're offside, still a lot to do from Candrever, but he picks his spot, buries it in that top left-hand corner of Berkey's guard.",So just watch this they give the ball away Candreva's down that right-hand side though Weigl here drops in watch he runs plays everybody on side if he steps up with Hummels they're offside still a lot to do from Candreva but he picks his spot,"You are watching a football match. So just watch this, they give the ball away, Candrever's down that right-hand side, now Weigl here drops in, watch, he runs, plays everybody onside, if he steps up with Hummels, they're offside, still a lot to do from Candrever, but he picks his spot, buries it in that top left-hand corner of Berkey's guard. Is this a goal? Answer yes or no.",reproducing_code/vlm-circuits-analysis/data/goal/composites/KIMzryr9/im/2/IM_8.png,yes,vision_only,"You are watching a football match. So just watch this, they give the ball away, Candrever's down that right-hand side, now Weigl here drops in, watch, he runs, plays everybody onside, if he steps up with Hummels, they're offside, still a lot to do from Candrever, but he picks his spot, buries it in that top left-hand corner of Berkey's guard. Is this a goal? Answer yes or no.",reproducing_code/vlm-circuits-analysis/data/goal/composites_noisy_sigma0p1/KIMzryr9/im/2/IM_8.png,no,vision_only,
4rxwHJn7,2,IM_9,GOAL,important,0.714727,Two up. Chirintina need a hero. And Ronaldo beat Strongovski with ease. Six points will be the margin. As Juve ease into a comfortable lead both here and for now at least in the Serie A.,And he's got a goal. He's got a goal. He's got a goal. He's got a goal. He's got a goal. Six points will be the margin. As Juve ease into a comfortable lead both here and for now at least in the Serie A table.,You are watching a football match. Two up. Chirintina need a hero. And Ronaldo beat Strongovski with ease. Six points will be the margin. As Juve ease into a comfortable lead both here and for now at least in the Serie A. Is this a goal? Answer yes or no.,reproducing_code/vlm-circuits-analysis/data/goal/composites/4rxwHJn7/im/2/IM_9.png,yes,vision_only,You are watching a football match. Two up. Chirintina need a hero. And Ronaldo beat Strongovski with ease. Six points will be the margin. As Juve ease into a comfortable lead both here and for now at least in the Serie A. Is this a goal? Answer yes or no.,reproducing_code/vlm-circuits-analysis/data/goal/composites_noisy_sigma0p1/4rxwHJn7/im/2/IM_9.png,no,vision_only,
ABcIbvu8,2,IM_9,GOAL,important,0.873948,Arsenal so unconvincing. Fabien helps it on them. Martinelli now. Can they grab a late equaliser still? They can! It's Lacazette who has put it in.,Arsenal so unconvincing Abambia helps it on them Martinelli now can they grab a late equaliser still they can it's Lacazette who has put it in,You are watching a football match. Arsenal so unconvincing. Fabien helps it on them. Martinelli now. Can they grab a late equaliser still? They can! It's Lacazette who has put it in. Is this a goal? Answer yes or no.,reproducing_code/vlm-circuits-analysis/data/goal/composites/ABcIbvu8/im/2/IM_9.png,yes,vision_only,You are watching a football match. Arsenal so unconvincing. Fabien helps it on them. Martinelli now. Can they grab a late equaliser still? They can! It's Lacazette who has put it in. Is this a goal? Answer yes or no.,reproducing_code/vlm-circuits-analysis/data/goal/composites_noisy_sigma0p1/ABcIbvu8/im/2/IM_9.png,no,vision_only,
0jJj5Mme,1,IM_9,GOAL,important,0.748102,"There's the corner, big header out, comes to Kersen! A wonderful strike from the edge of the box.",there's the corner big header out comes to Kurssen a wonderful strike from the edge of the box,"You are watching a football match. There's the corner, big header out, comes to Kersen! A wonderful strike from the edge of the box. Is this a goal? Answer yes or no.",reproducing_code/vlm-circuits-analysis/data/goal/composites/0jJj5Mme/im/1/IM_9.png,yes,vision_only,"You are watching a football match. There's the corner, big header out, comes to Kersen! A wonderful strike from the edge of the box. Is this a goal? Answer yes or no.",reproducing_code/vlm-circuits-analysis/data/goal/composites_noisy_sigma0p1/0jJj5Mme/im/1/IM_9.png,no,vision_only,
ABcIbvu8,2,IM_7,GOAL,important,0.895880,"This is one huge, mighty kick for Southampton. It is James Ward-Prowse who's going to follow up and score after Leno saved. And Ward-Prowse gives Southampton the lead.","This is one huge, mighty kick for Southampton. It is James Ward-Crowse who's going to follow up and score after Laino saves.","You are watching a football match. This is one huge, mighty kick for Southampton. It is James Ward-Prowse who's going to follow up and score after Leno saved. And Ward-Prowse gives Southampton the lead. Is this a goal? Answer yes or no.",reproducing_code/vlm-circuits-analysis/data/goal/composites/ABcIbvu8/im/2/IM_7.png,yes,vision_only,"You are watching a football match. This is one huge, mighty kick for Southampton. It is James Ward-Prowse who's going to follow up and score after Leno saved. And Ward-Prowse gives Southampton the lead. Is this a goal? Answer yes or no.",reproducing_code/vlm-circuits-analysis/data/goal/composites_noisy_sigma0p1/ABcIbvu8/im/2/IM_7.png,no,vision_only,
xx6GTsEM,1,IM_6,GOAL,important,0.660927,See. Atalanta have been below par.,". Hataboa into Malinowski on his left, he can hit them! My word, he can hit them! . Atalanta have been below par.",You are watching a football match. See. Atalanta have been below par. Is this a goal? Answer yes or no.,reproducing_code/vlm-circuits-analysis/data/goal/composites/xx6GTsEM/im/1/IM_6.png,yes,vision_only,You are watching a football match. See. Atalanta have been below par. Is this a goal? Answer yes or no.,reproducing_code/vlm-circuits-analysis/data/goal/composites_noisy_sigma0p1/xx6GTsEM/im/1/IM_6.png,no,vision_only,
r9gYBR53,1,IM_10,GOAL,important,0.780973,"Good ball, shot as the goal, and then turned in for 2-0 Genoa.",Good ball. Schoena's flick on. And then turned in for 2-0 Genoa.,"You are watching a football match. Good ball, shot as the goal, and then turned in for 2-0 Genoa. Is this a goal? Answer yes or no.",reproducing_code/vlm-circuits-analysis/data/goal/composites/r9gYBR53/im/1/IM_10.png,yes,vision_only,"You are watching a football match. Good ball, shot as the goal, and then turned in for 2-0 Genoa. Is this a goal? Answer yes or no.",reproducing_code/vlm-circuits-analysis/data/goal/composites_noisy_sigma0p1/r9gYBR53/im/1/IM_10.png,no,vision_only,
lCaoR3AE,2,IM_13,GOAL,important,0.956878,Play the other next week. It's curiouser and curiouser. Here's Ronaldo. Still trying to make it eight in a row. And Ronaldo grabs a goal back. And maybe it is not finished.,play in the other next week it's curiouser and curiouser here's Ronaldo still trying to make it eight in a row and Ronaldo grabs a goal back and maybe it is not finished,You are watching a football match. Play the other next week. It's curiouser and curiouser. Here's Ronaldo. Still trying to make it eight in a row. And Ronaldo grabs a goal back. And maybe it is not finished. Is this a goal? Answer yes or no.,reproducing_code/vlm-circuits-analysis/data/goal/composites/lCaoR3AE/im/2/IM_13.png,yes,vision_only,You are watching a football match. Play the other next week. It's curiouser and curiouser. Here's Ronaldo. Still trying to make it eight in a row. And Ronaldo grabs a goal back. And maybe it is not finished. Is this a goal? Answer yes or no.,reproducing_code/vlm-circuits-analysis/data/goal/composites_noisy_sigma0p1/lCaoR3AE/im/2/IM_13.png,no,vision_only,
86u5kz2f,2,IM_11,GOAL,important,0.929933,"It's a really good goal, clinical quality, incisive. And somehow...",it's a really good goal clinical quality incisive and somehow,"You are watching a football match. It's a really good goal, clinical quality, incisive. And somehow... Is this a goal? Answer yes or no.",reproducing_code/vlm-circuits-analysis/data/goal/composites/86u5kz2f/im/2/IM_11.png,yes,vision_only,"You are watching a football match. It's a really good goal, clinical quality, incisive. And somehow... Is this a goal? Answer yes or no.",reproducing_code/vlm-circuits-analysis/data/goal/composites_noisy_sigma0p1/86u5kz2f/im/2/IM_11.png,no,vision_only,
xx6GTsEM,1,IM_2,GOAL,important,0.774781,"Oh, take it quickly in space with Di Carbone who will fire it beyond Molini. Atalanta switched off and the visitors have the lead. A crazy bit of defending from the home side. They've not been at their best today and now they train.","It's space with Di Carmini who will fire it. beyond Molini, Atalanta switched off and the visitors have the lead.","You are watching a football match. Oh, take it quickly in space with Di Carbone who will fire it beyond Molini. Atalanta switched off and the visitors have the lead. A crazy bit of defending from the home side. They've not been at their best today and now they train. Is this a goal? Answer yes or no.",reproducing_code/vlm-circuits-analysis/data/goal/composites/xx6GTsEM/im/1/IM_2.png,yes,vision_only,"You are watching a football match. Oh, take it quickly in space with Di Carbone who will fire it beyond Molini. Atalanta switched off and the visitors have the lead. A crazy bit of defending from the home side. They've not been at their best today and now they train. Is this a goal? Answer yes or no.",reproducing_code/vlm-circuits-analysis/data/goal/composites_noisy_sigma0p1/xx6GTsEM/im/1/IM_2.png,no,vision_only,
0jJj5Mme,1,IM_1,GOAL,important,0.768248,So they're getting to the first ball quite often. Look at that for a chance now. Palomino's done well. It's gone all the way through. And he owns the bill again. They don't look at the score.,So they're getting to the first goal quite often. Look at that for a chance now. Palomino's done well. It's gone all the way through. and Yost Bilicic has opened the story.,You are watching a football match. So they're getting to the first ball quite often. Look at that for a chance now. Palomino's done well. It's gone all the way through. And he owns the bill again. They don't look at the score. Is this a goal? Answer yes or no.,reproducing_code/vlm-circuits-analysis/data/goal/composites/0jJj5Mme/im/1/IM_1.png,yes,vision_only,You are watching a football match. So they're getting to the first ball quite often. Look at that for a chance now. Palomino's done well. It's gone all the way through. And he owns the bill again. They don't look at the score. Is this a goal? Answer yes or no.,reproducing_code/vlm-circuits-analysis/data/goal/composites_noisy_sigma0p1/0jJj5Mme/im/1/IM_1.png,no,vision_only,
G6wyC3XE,1,IM_5,GOAL,important,0.892398,It's the first. With ambitions of their own to maintain their status as a club to qualify in Europe. They've done well in that competition too. It's held to Mane! But there was a touch on the arm and it's not going to count.,They have to be with ambitions of their own to maintain their status as a club to qualify in Europe. They've done well in that competition too. It's held home to Mane! But there was a touch on the arm and it's not going to count.,You are watching a football match. It's the first. With ambitions of their own to maintain their status as a club to qualify in Europe. They've done well in that competition too. It's held to Mane! But there was a touch on the arm and it's not going to count. Is this a goal? Answer yes or no.,reproducing_code/vlm-circuits-analysis/data/goal/composites/G6wyC3XE/im/1/IM_5.png,yes,vision_only,You are watching a football match. It's the first. With ambitions of their own to maintain their status as a club to qualify in Europe. They've done well in that competition too. It's held to Mane! But there was a touch on the arm and it's not going to count. Is this a goal? Answer yes or no.,reproducing_code/vlm-circuits-analysis/data/goal/composites_noisy_sigma0p1/G6wyC3XE/im/1/IM_5.png,no,vision_only,
Q3ZH0ngC,2,IM_6,CORNER/THROW-IN,important,1.000000,"Toloi, Jimsiti, Palomino. In goes the corner from Gomez, and flicked on and flicked just wide by Berat Jimsiti. So close to a second Atalanta goal. They're out swinging.","Toloi, Jimsiti, Palomino. In goes the corner from Gomez, and flicked on and flicked just wide by Berat Jimsiti. So close to a second Atalanta goal. They're out swinging.","You are watching a football match. Toloi, Jimsiti, Palomino. In goes the corner from Gomez, and flicked on and flicked just wide by Berat Jimsiti. So close to a second Atalanta goal. They're out swinging. Is this a goal? Answer yes or no.",reproducing_code/vlm-circuits-analysis/data/goal/composites/Q3ZH0ngC/im/2/IM_6.png,no,vision_only,"You are watching a football match. Toloi, Jimsiti, Palomino. In goes the corner from Gomez, and flicked on and flicked just wide by Berat Jimsiti. So close to a second Atalanta goal. They're out swinging. Is this a goal? Answer yes or no.",reproducing_code/vlm-circuits-analysis/data/goal/composites_noisy_sigma0p1/Q3ZH0ngC/im/2/IM_6.png,yes,vision_only,
E5X6KOII,2,IM_4,CORNER/THROW-IN,important,0.806937,"With the Roma corner headed out by Babacar. Clivert has run it back here. Clivert, Mkhitaryan, clipped in dangerously and into the back of the net from Edin Dzeko.",with the Roma corner headed out by Babacar Kluivert has run it back here Kluivert Mkhitaryan clipped in dangerously and into the back of the net from Edin Dzeko it's been,"You are watching a football match. With the Roma corner headed out by Babacar. Clivert has run it back here. Clivert, Mkhitaryan, clipped in dangerously and into the back of the net from Edin Dzeko. Is this a goal? Answer yes or no.",reproducing_code/vlm-circuits-analysis/data/goal/composites/E5X6KOII/im/2/IM_4.png,no,vision_only,"You are watching a football match. With the Roma corner headed out by Babacar. Clivert has run it back here. Clivert, Mkhitaryan, clipped in dangerously and into the back of the net from Edin Dzeko. Is this a goal? Answer yes or no.",reproducing_code/vlm-circuits-analysis/data/goal/composites_noisy_sigma0p1/E5X6KOII/im/2/IM_4.png,yes,vision_only,
ULTDmEW6,2,IM_6,CORNER/THROW-IN,important,0.818209,Corner. Snodgrass whips in the corner and they have got it!,Snodgrass whips whips in the corner and they have got another one,You are watching a football match. Corner. Snodgrass whips in the corner and they have got it! Is this a goal? Answer yes or no.,reproducing_code/vlm-circuits-analysis/data/goal/composites/ULTDmEW6/im/2/IM_6.png,no,vision_only,You are watching a football match. Corner. Snodgrass whips in the corner and they have got it! Is this a goal? Answer yes or no.,reproducing_code/vlm-circuits-analysis/data/goal/composites_noisy_sigma0p1/ULTDmEW6/im/2/IM_6.png,yes,vision_only,
G6wyC3XE,2,IM_1,CORNER/THROW-IN,important,0.112814,I used to take a ball.,Denzonka and Wijnaldum again together. Just takes a little nick off him. Come on! Come on! Come on! Come on! Come on!,You are watching a football match. I used to take a ball. Is this a goal? Answer yes or no.,reproducing_code/vlm-circuits-analysis/data/goal/composites/G6wyC3XE/im/2/IM_1.png,no,vision_only,You are watching a football match. I used to take a ball. Is this a goal? Answer yes or no.,reproducing_code/vlm-circuits-analysis/data/goal/composites_noisy_sigma0p1/G6wyC3XE/im/2/IM_1.png,yes,vision_only,
bks0kqIh,2,IM_1,CORNER/THROW-IN,important,0.715725,"Kolarov with the corner, Smalling attacked it, Zaniono now, Marily White. Just unable to catch out Olsen at his near post.","Tiaro Wara, I should say. Kholarov with the corner. Smalling attacked it. Zaniondo now. Marily white. Just unable to catch out Olsen at his near post.","You are watching a football match. Kolarov with the corner, Smalling attacked it, Zaniono now, Marily White. Just unable to catch out Olsen at his near post. Is this a goal? Answer yes or no.",reproducing_code/vlm-circuits-analysis/data/goal/composites/bks0kqIh/im/2/IM_1.png,no,vision_only,"You are watching a football match. Kolarov with the corner, Smalling attacked it, Zaniono now, Marily White. Just unable to catch out Olsen at his near post. Is this a goal? Answer yes or no.",reproducing_code/vlm-circuits-analysis/data/goal/composites_noisy_sigma0p1/bks0kqIh/im/2/IM_1.png,yes,vision_only,
tE2Jn2J8,2,IM_1,CORNER/THROW-IN,important,0.837791,Dybala will try again. Dybala's corner. Janic has gone down. Petri Czarnier the man making the challenge.,"Dybala will try again. Dybala's corner. Dybala. Dybala has gone down. Petricione, the man making the challenge.",You are watching a football match. Dybala will try again. Dybala's corner. Janic has gone down. Petri Czarnier the man making the challenge. Is this a goal? Answer yes or no.,reproducing_code/vlm-circuits-analysis/data/goal/composites/tE2Jn2J8/im/2/IM_1.png,no,vision_only,You are watching a football match. Dybala will try again. Dybala's corner. Janic has gone down. Petri Czarnier the man making the challenge. Is this a goal? Answer yes or no.,reproducing_code/vlm-circuits-analysis/data/goal/composites_noisy_sigma0p1/tE2Jn2J8/im/2/IM_1.png,yes,vision_only,
UcZVYDFH,1,IM_9,CORNER/THROW-IN,important,0.876622,"Thomas O'Rincon told to get his ten yards back. Corner's going to come in, in fact he's going short, he'll be rolled to the edge of the box. Verdi's there, it's bouncing around, it still isn't cleared. Comes to Albiol who will whip it back in. Koulibaly's there, saved by Serrigu. And still Napoli cannot find.","Thomas O'Rincon told to get his 10 yards back. The corner's going to come in. In fact, he's going short. He'll be rolled to the edge of the box. Verdi's there. It's bouncing around. It still isn't cleared. Comes to Albion who will whip it back in. Koulibaly is there. Saved by Sirigu.","You are watching a football match. Thomas O'Rincon told to get his ten yards back. Corner's going to come in, in fact he's going short, he'll be rolled to the edge of the box. Verdi's there, it's bouncing around, it still isn't cleared. Comes to Albiol who will whip it back in. Koulibaly's there, saved by Serrigu. And still Napoli cannot find. Is this a goal? Answer yes or no.",reproducing_code/vlm-circuits-analysis/data/goal/composites/UcZVYDFH/im/1/IM_9.png,no,vision_only,"You are watching a football match. Thomas O'Rincon told to get his ten yards back. Corner's going to come in, in fact he's going short, he'll be rolled to the edge of the box. Verdi's there, it's bouncing around, it still isn't cleared. Comes to Albiol who will whip it back in. Koulibaly's there, saved by Serrigu. And still Napoli cannot find. Is this a goal? Answer yes or no.",reproducing_code/vlm-circuits-analysis/data/goal/composites_noisy_sigma0p1/UcZVYDFH/im/1/IM_9.png,yes,vision_only,
6LXKpLWN,2,IM_1,CORNER/THROW-IN,important,0.821660,". . Berndeski's corner. Oh, it's a tremendous save there, Ronaldo met it. Skrdupski equal to it. . .","And Deskies corner. Oh, it's a tremendous save that Ronaldo met it. And that Skudupski equal to it. And Baj is marking on the wrong side.","You are watching a football match. . . Berndeski's corner. Oh, it's a tremendous save there, Ronaldo met it. Skrdupski equal to it. . . Is this a goal? Answer yes or no.",reproducing_code/vlm-circuits-analysis/data/goal/composites/6LXKpLWN/im/2/IM_1.png,no,vision_only,"You are watching a football match. . . Berndeski's corner. Oh, it's a tremendous save there, Ronaldo met it. Skrdupski equal to it. . . Is this a goal? Answer yes or no.",reproducing_code/vlm-circuits-analysis/data/goal/composites_noisy_sigma0p1/6LXKpLWN/im/2/IM_1.png,yes,vision_only,
8rg3jFcJ,2,IM_3,CORNER/THROW-IN,important,0.995826,"These are testing times for Cagliari. Goulam to whip it in, it's deep, Cragno has to just touch it away. Fabian Ruiz keeps it in and twists back on his right, goes back to Alan, in fact Zielinski will hit it. Big deflection, Cragno was defeated, but luckily for Cagliari...",These are testing times for Cagliari. Goulam to whip it in. It's deep. Cragno has to just touch it away. Fabian Ruiz keeps it in and twists back on his right. Goes back to Alan. In fact Zielinski will hit it. Big deflection. Cragno was defeated. But luckily for Cagliari.,"You are watching a football match. These are testing times for Cagliari. Goulam to whip it in, it's deep, Cragno has to just touch it away. Fabian Ruiz keeps it in and twists back on his right, goes back to Alan, in fact Zielinski will hit it. Big deflection, Cragno was defeated, but luckily for Cagliari... Is this a goal? Answer yes or no.",reproducing_code/vlm-circuits-analysis/data/goal/composites/8rg3jFcJ/im/2/IM_3.png,no,vision_only,"You are watching a football match. These are testing times for Cagliari. Goulam to whip it in, it's deep, Cragno has to just touch it away. Fabian Ruiz keeps it in and twists back on his right, goes back to Alan, in fact Zielinski will hit it. Big deflection, Cragno was defeated, but luckily for Cagliari... Is this a goal? Answer yes or no.",reproducing_code/vlm-circuits-analysis/data/goal/composites_noisy_sigma0p1/8rg3jFcJ/im/2/IM_3.png,yes,vision_only,
IF9NUtVr,1,IM_4,CORNER/THROW-IN,important,0.912700,"The assistant was right in line with that. Gomez with the corner, dropping into good area, it's not been cleared yet. Just stacked away by Albiol. Everybody seemed to stop there, didn't they? Zinye on the breakaway with a good ball. Fabian Ruiz in again. Oh my word. What a poor finish.",The assistant was right in line with that Going with the corner Something into good area it's not been cleared yet Stacked away by Albiol Everybody seemed to stop there didn't they? Zinye on the breakaway With a good ball Fabian Ruiz in again Oh my word Oh a poor finish,"You are watching a football match. The assistant was right in line with that. Gomez with the corner, dropping into good area, it's not been cleared yet. Just stacked away by Albiol. Everybody seemed to stop there, didn't they? Zinye on the breakaway with a good ball. Fabian Ruiz in again. Oh my word. What a poor finish. Is this a goal? Answer yes or no.",reproducing_code/vlm-circuits-analysis/data/goal/composites/IF9NUtVr/im/1/IM_4.png,no,vision_only,"You are watching a football match. The assistant was right in line with that. Gomez with the corner, dropping into good area, it's not been cleared yet. Just stacked away by Albiol. Everybody seemed to stop there, didn't they? Zinye on the breakaway with a good ball. Fabian Ruiz in again. Oh my word. What a poor finish. Is this a goal? Answer yes or no.",reproducing_code/vlm-circuits-analysis/data/goal/composites_noisy_sigma0p1/IF9NUtVr/im/1/IM_4.png,yes,vision_only,
l0uNkr78,2,IM_10,CORNER/THROW-IN,important,0.803079,"Good delivery missed by Skriniar, they're appealing for a handball. Now then this could be another interesting...","And that's there, just a little bit late trying to get inside of Asamoah. Good delivery missed by Skriniar. They're appealing for a handball. Now then, this could be another interesting one.","You are watching a football match. Good delivery missed by Skriniar, they're appealing for a handball. Now then this could be another interesting... Is this a goal? Answer yes or no.",reproducing_code/vlm-circuits-analysis/data/goal/composites/l0uNkr78/im/2/IM_10.png,no,vision_only,"You are watching a football match. Good delivery missed by Skriniar, they're appealing for a handball. Now then this could be another interesting... Is this a goal? Answer yes or no.",reproducing_code/vlm-circuits-analysis/data/goal/composites_noisy_sigma0p1/l0uNkr78/im/2/IM_10.png,yes,vision_only,
0rkvoaKm,2,IM_16,CORNER/THROW-IN,important,0.608726,"Abata Ferrara, there is return. That's a very poor corner which Spal didn't deal with but tired legs out there. Florenci, hopeful ball into the box. Dzeko the header on. Dumis gathers.","Florenzi. Hopeful ball into the box. Dzeko the header on. Dumis. Gathers. Bye. Cool! teams, predstSco. Tired legs out there. Florenzi. Fightful ball into the box. Dzeko the header on. Dumis... gathers. Smo! talkin.","You are watching a football match. Abata Ferrara, there is return. That's a very poor corner which Spal didn't deal with but tired legs out there. Florenci, hopeful ball into the box. Dzeko the header on. Dumis gathers. Is this a goal? Answer yes or no.",reproducing_code/vlm-circuits-analysis/data/goal/composites/0rkvoaKm/im/2/IM_16.png,no,vision_only,"You are watching a football match. Abata Ferrara, there is return. That's a very poor corner which Spal didn't deal with but tired legs out there. Florenci, hopeful ball into the box. Dzeko the header on. Dumis gathers. Is this a goal? Answer yes or no.",reproducing_code/vlm-circuits-analysis/data/goal/composites_noisy_sigma0p1/0rkvoaKm/im/2/IM_16.png,yes,vision_only,
06FNvY2s,2,IM_6,CORNER/THROW-IN,important,0.787937,"Callejon with a corner again. It's a good one, Koulibaly! Oh, that's a good save this time by Olsen. He may not always be that pretty, but he's kept his side in it.",Kihon Kihon with a corner again it's a good one Koulibaly oh that's a good save this time by Olsen well he may not always be that pretty but he's kept his side in it,"You are watching a football match. Callejon with a corner again. It's a good one, Koulibaly! Oh, that's a good save this time by Olsen. He may not always be that pretty, but he's kept his side in it. Is this a goal? Answer yes or no.",reproducing_code/vlm-circuits-analysis/data/goal/composites/06FNvY2s/im/2/IM_6.png,no,vision_only,"You are watching a football match. Callejon with a corner again. It's a good one, Koulibaly! Oh, that's a good save this time by Olsen. He may not always be that pretty, but he's kept his side in it. Is this a goal? Answer yes or no.",reproducing_code/vlm-circuits-analysis/data/goal/composites_noisy_sigma0p1/06FNvY2s/im/2/IM_6.png,yes,vision_only,
xpER1kZQ,1,IM_5,CORNER/THROW-IN,important,0.955000,"They have spread chips across the board so to speak. Far post is Basham and the centre is O'Connell. Pickford can't get it there! First corner, first goal! But the referee...","They have spread the chips across the board so to speak Far post is Basham In the centre is O'Connell Pickford come and go there First corner, first goal The referee","You are watching a football match. They have spread chips across the board so to speak. Far post is Basham and the centre is O'Connell. Pickford can't get it there! First corner, first goal! But the referee... Is this a goal? Answer yes or no.",reproducing_code/vlm-circuits-analysis/data/goal/composites/xpER1kZQ/im/1/IM_5.png,no,vision_only,"You are watching a football match. They have spread chips across the board so to speak. Far post is Basham and the centre is O'Connell. Pickford can't get it there! First corner, first goal! But the referee... Is this a goal? Answer yes or no.",reproducing_code/vlm-circuits-analysis/data/goal/composites_noisy_sigma0p1/xpER1kZQ/im/1/IM_5.png,yes,vision_only,
6w99xiq5,2,IM_3,CORNER/THROW-IN,important,0.997096,Concedes a throw in. Gomez turns away from his man as he got the finish. Musso saves it. Zapata rolls it across goal. Piccoli is just a couple of yards away from where he needs to be. Atalanta turning the screw. Alejandro Gomez beginning to pull the string.,Concedes a throw in. Gomez turns away from his man as he got the finish. Musso saves it. Zapata rolls it across goal. Piccoli is just a couple of yards away from where he needs to be. Atalanta turning the screw. Alejandro Gomez beginning to pull the strings.,You are watching a football match. Concedes a throw in. Gomez turns away from his man as he got the finish. Musso saves it. Zapata rolls it across goal. Piccoli is just a couple of yards away from where he needs to be. Atalanta turning the screw. Alejandro Gomez beginning to pull the string. Is this a goal? Answer yes or no.,reproducing_code/vlm-circuits-analysis/data/goal/composites/6w99xiq5/im/2/IM_3.png,no,vision_only,You are watching a football match. Concedes a throw in. Gomez turns away from his man as he got the finish. Musso saves it. Zapata rolls it across goal. Piccoli is just a couple of yards away from where he needs to be. Atalanta turning the screw. Alejandro Gomez beginning to pull the string. Is this a goal? Answer yes or no.,reproducing_code/vlm-circuits-analysis/data/goal/composites_noisy_sigma0p1/6w99xiq5/im/2/IM_3.png,yes,vision_only,
6w99xiq5,1,IM_2,CORNER/THROW-IN,important,0.960765,"Gomez whips it into the near post with a flick on, Musso with a brilliant stop. Danger's not over, Zapata trying to bustle his way through. He comes to the corner taker, Gomez. The first time.",Gomez whips it into the near post with a flick on Musso with a brilliant stop danger's not over Zapata trying to bustle his way through he comes to the corner taker Gomez the first time,"You are watching a football match. Gomez whips it into the near post with a flick on, Musso with a brilliant stop. Danger's not over, Zapata trying to bustle his way through. He comes to the corner taker, Gomez. The first time. Is this a goal? Answer yes or no.",reproducing_code/vlm-circuits-analysis/data/goal/composites/6w99xiq5/im/1/IM_2.png,no,vision_only,"You are watching a football match. Gomez whips it into the near post with a flick on, Musso with a brilliant stop. Danger's not over, Zapata trying to bustle his way through. He comes to the corner taker, Gomez. The first time. Is this a goal? Answer yes or no.",reproducing_code/vlm-circuits-analysis/data/goal/composites_noisy_sigma0p1/6w99xiq5/im/1/IM_2.png,yes,vision_only,
nsbnKlSp,2,IM_3,CORNER/THROW-IN,important,0.745657,Just about goes out of play. That's floated in and headed beautifully. They have their second goal.,"Just about goes out of play. Well, that's floated in and headed beautifully.",You are watching a football match. Just about goes out of play. That's floated in and headed beautifully. They have their second goal. Is this a goal? Answer yes or no.,reproducing_code/vlm-circuits-analysis/data/goal/composites/nsbnKlSp/im/2/IM_3.png,no,vision_only,You are watching a football match. Just about goes out of play. That's floated in and headed beautifully. They have their second goal. Is this a goal? Answer yes or no.,reproducing_code/vlm-circuits-analysis/data/goal/composites_noisy_sigma0p1/nsbnKlSp/im/2/IM_3.png,yes,vision_only,
p2XBlEqT,2,IM_9,CORNER/THROW-IN,important,0.955485,Pjanic with it. Goalkeeper stays back. Goalkeeper stays back. And Ronaldo heads in. Juve's savior. 13 minutes to go. A man down. And there's...,"Pjanic with it, goalkeeper stays back, goalkeeper stays back and Ronaldo heads in! Juve's savior! 13 minutes to go, a man down and there's the man they turn to!",You are watching a football match. Pjanic with it. Goalkeeper stays back. Goalkeeper stays back. And Ronaldo heads in. Juve's savior. 13 minutes to go. A man down. And there's... Is this a goal? Answer yes or no.,reproducing_code/vlm-circuits-analysis/data/goal/composites/p2XBlEqT/im/2/IM_9.png,no,vision_only,You are watching a football match. Pjanic with it. Goalkeeper stays back. Goalkeeper stays back. And Ronaldo heads in. Juve's savior. 13 minutes to go. A man down. And there's... Is this a goal? Answer yes or no.,reproducing_code/vlm-circuits-analysis/data/goal/composites_noisy_sigma0p1/p2XBlEqT/im/2/IM_9.png,yes,vision_only,
Q3ZH0ngC,2,IM_7,CORNER/THROW-IN,important,0.816757,"They're out swinging, corner, a good header by Jim City. Good noise though in the stadium.","They're out swinging. Corner, a good header by Jimsiti.","You are watching a football match. They're out swinging, corner, a good header by Jim City. Good noise though in the stadium. Is this a goal? Answer yes or no.",reproducing_code/vlm-circuits-analysis/data/goal/composites/Q3ZH0ngC/im/2/IM_7.png,no,vision_only,"You are watching a football match. They're out swinging, corner, a good header by Jim City. Good noise though in the stadium. Is this a goal? Answer yes or no.",reproducing_code/vlm-circuits-analysis/data/goal/composites_noisy_sigma0p1/Q3ZH0ngC/im/2/IM_7.png,yes,vision_only,
4rxwHJn7,1,IM_4,CORNER/THROW-IN,important,0.900519,"A couple of players open in the box with Fiorentina. What can they do from the corner? Oh, it's a good hit and Suresnik with another decent stop. The danger is still there. And after Lerola's effort was...","Couple of players open in the box with Fiorentina. What can they do from the corner? Oh, it's a good hit and to Chiesa with another decent stop. The danger is still there. And after Lirola's effort was shoved away.","You are watching a football match. A couple of players open in the box with Fiorentina. What can they do from the corner? Oh, it's a good hit and Suresnik with another decent stop. The danger is still there. And after Lerola's effort was... Is this a goal? Answer yes or no.",reproducing_code/vlm-circuits-analysis/data/goal/composites/4rxwHJn7/im/1/IM_4.png,no,vision_only,"You are watching a football match. A couple of players open in the box with Fiorentina. What can they do from the corner? Oh, it's a good hit and Suresnik with another decent stop. The danger is still there. And after Lerola's effort was... Is this a goal? Answer yes or no.",reproducing_code/vlm-circuits-analysis/data/goal/composites_noisy_sigma0p1/4rxwHJn7/im/1/IM_4.png,yes,vision_only,
pOf6Wnwt,2,IM_10,CORNER/THROW-IN,important,0.986449,Van Dijk's arrived in the Napoli box. Milders out to take the corner. Too high for Van Dijk but it's not too high for Lovren! Take it and Lovren for Liverpool! It's his first goal in Europe since he scored the one to beat Borussia Dortmund all those years.,"Van Dijk's arrived in the Napoli box, Milders out to take the corner. Too high for Van Dijk, but it's not too high for Lovren! Dejan Lovren for Liverpool! It's his first goal in Europe since he scored the one to be Borussia Dortmund all those years ago.",You are watching a football match. Van Dijk's arrived in the Napoli box. Milders out to take the corner. Too high for Van Dijk but it's not too high for Lovren! Take it and Lovren for Liverpool! It's his first goal in Europe since he scored the one to beat Borussia Dortmund all those years. Is this a goal? Answer yes or no.,reproducing_code/vlm-circuits-analysis/data/goal/composites/pOf6Wnwt/im/2/IM_10.png,no,vision_only,You are watching a football match. Van Dijk's arrived in the Napoli box. Milders out to take the corner. Too high for Van Dijk but it's not too high for Lovren! Take it and Lovren for Liverpool! It's his first goal in Europe since he scored the one to beat Borussia Dortmund all those years. Is this a goal? Answer yes or no.,reproducing_code/vlm-circuits-analysis/data/goal/composites_noisy_sigma0p1/pOf6Wnwt/im/2/IM_10.png,yes,vision_only,
vXz1jGnl,2,IM_3,CORNER/THROW-IN,important,0.872518,"And it's played back to Mahrez by De Bruyne, booming it in, and it drops for Aguero, hoists it back into the middle. Oh, well, then Mahrez got hold of that.",And the way back To Mahrez By De Bruyne Booming it in And it drops for Aguero Moist it back into the middle Oh Oh Well And then Mahrez got hold of that,"You are watching a football match. And it's played back to Mahrez by De Bruyne, booming it in, and it drops for Aguero, hoists it back into the middle. Oh, well, then Mahrez got hold of that. Is this a goal? Answer yes or no.",reproducing_code/vlm-circuits-analysis/data/goal/composites/vXz1jGnl/im/2/IM_3.png,no,vision_only,"You are watching a football match. And it's played back to Mahrez by De Bruyne, booming it in, and it drops for Aguero, hoists it back into the middle. Oh, well, then Mahrez got hold of that. Is this a goal? Answer yes or no.",reproducing_code/vlm-circuits-analysis/data/goal/composites_noisy_sigma0p1/vXz1jGnl/im/2/IM_3.png,yes,vision_only,
xlO2e2Ra,2,IM_6,CORNER/THROW-IN,important,0.808803,That was enough. Marcelino at the corner. On the head of Palacio.,that was enough Rossellini with a corner on the header from Palacio but,You are watching a football match. That was enough. Marcelino at the corner. On the head of Palacio. Is this a goal? Answer yes or no.,reproducing_code/vlm-circuits-analysis/data/goal/composites/xlO2e2Ra/im/2/IM_6.png,no,vision_only,You are watching a football match. That was enough. Marcelino at the corner. On the head of Palacio. Is this a goal? Answer yes or no.,reproducing_code/vlm-circuits-analysis/data/goal/composites_noisy_sigma0p1/xlO2e2Ra/im/2/IM_6.png,yes,vision_only,
06FNvY2s,2,IM_1,CORNER/THROW-IN,important,0.831129,"Cajon whips it in again, down the middle, it's at the far post, nobody could reach it. The initial header from Di Lorenzo and it was just beyond Merton.","Kejon whips it in again. Down the middle, it's at the far post. Nobody could reach it. The initial header from Di Lorenzo,","You are watching a football match. Cajon whips it in again, down the middle, it's at the far post, nobody could reach it. The initial header from Di Lorenzo and it was just beyond Merton. Is this a goal? Answer yes or no.",reproducing_code/vlm-circuits-analysis/data/goal/composites/06FNvY2s/im/2/IM_1.png,no,vision_only,"You are watching a football match. Cajon whips it in again, down the middle, it's at the far post, nobody could reach it. The initial header from Di Lorenzo and it was just beyond Merton. Is this a goal? Answer yes or no.",reproducing_code/vlm-circuits-analysis/data/goal/composites_noisy_sigma0p1/06FNvY2s/im/2/IM_1.png,yes,vision_only,
r9gYBR53,2,IM_4,CORNER/THROW-IN,important,0.596294,Mark in the box from Genoa. Castighejo's corner.,"Go, Nivella! Marvy in the box from Genoa. Castillejo's corner. He cleared here. Oh, it's a decent hit by Bonaventura.",You are watching a football match. Mark in the box from Genoa. Castighejo's corner. Is this a goal? Answer yes or no.,reproducing_code/vlm-circuits-analysis/data/goal/composites/r9gYBR53/im/2/IM_4.png,no,vision_only,You are watching a football match. Mark in the box from Genoa. Castighejo's corner. Is this a goal? Answer yes or no.,reproducing_code/vlm-circuits-analysis/data/goal/composites_noisy_sigma0p1/r9gYBR53/im/2/IM_4.png,yes,vision_only,
xx6GTsEM,1,IM_1,SHOT-ON-TARGET,important,0.550030,"Now we're here to hear you, now we're here. Now we're here to hear you, now we're here. Oh, danger from Davidovits. Luis Morial is on to this. A real golden chance. And Luis Morial has spurred it. Confusion abounds.",danger from Davidovic Louis Morial is on to this a real golden chance and Louis Morial has spurred it confusion abounds,"You are watching a football match. Now we're here to hear you, now we're here. Now we're here to hear you, now we're here. Oh, danger from Davidovits. Luis Morial is on to this. A real golden chance. And Luis Morial has spurred it. Confusion abounds. Is this a goal? Answer yes or no.",reproducing_code/vlm-circuits-analysis/data/goal/composites/xx6GTsEM/im/1/IM_1.png,no,vision_only,"You are watching a football match. Now we're here to hear you, now we're here. Now we're here to hear you, now we're here. Oh, danger from Davidovits. Luis Morial is on to this. A real golden chance. And Luis Morial has spurred it. Confusion abounds. Is this a goal? Answer yes or no.",reproducing_code/vlm-circuits-analysis/data/goal/composites_noisy_sigma0p1/xx6GTsEM/im/1/IM_1.png,yes,vision_only,
pl6mcTdq,1,IM_2,SHOT-ON-TARGET,important,0.987151,"Cristiano getting in there, Khadira. The post at the other end.","Cristiano getting in there, Khadira The post at the other end","You are watching a football match. Cristiano getting in there, Khadira. The post at the other end. Is this a goal? Answer yes or no.",reproducing_code/vlm-circuits-analysis/data/goal/composites/pl6mcTdq/im/1/IM_2.png,no,vision_only,"You are watching a football match. Cristiano getting in there, Khadira. The post at the other end. Is this a goal? Answer yes or no.",reproducing_code/vlm-circuits-analysis/data/goal/composites_noisy_sigma0p1/pl6mcTdq/im/1/IM_2.png,yes,vision_only,
OtQpc975,1,IM_3,SHOT-ON-TARGET,important,0.817593,That was Paduín who had contended possession. That was Paduín who had contended possession. That was Paduín at the near post.,That was Paduin who had contended possession was Pazilic at the near post,You are watching a football match. That was Paduín who had contended possession. That was Paduín who had contended possession. That was Paduín at the near post. Is this a goal? Answer yes or no.,reproducing_code/vlm-circuits-analysis/data/goal/composites/OtQpc975/im/1/IM_3.png,no,vision_only,You are watching a football match. That was Paduín who had contended possession. That was Paduín who had contended possession. That was Paduín at the near post. Is this a goal? Answer yes or no.,reproducing_code/vlm-circuits-analysis/data/goal/composites_noisy_sigma0p1/OtQpc975/im/1/IM_3.png,yes,vision_only,
ChTFpiaS,2,IM_7,SHOT-ON-TARGET,important,0.906302,So Karl Walker will try. He finds Sterling. He's tiptoeing his way round. And it's Bernardo Silva! Alex McCarthy sees it up and over.,so Kyle Walker will try he finds Sterling he is tiptoeing his way round and it's Bernardo Silva Alex McCarthy sees it up and over,You are watching a football match. So Karl Walker will try. He finds Sterling. He's tiptoeing his way round. And it's Bernardo Silva! Alex McCarthy sees it up and over. Is this a goal? Answer yes or no.,reproducing_code/vlm-circuits-analysis/data/goal/composites/ChTFpiaS/im/2/IM_7.png,no,vision_only,You are watching a football match. So Karl Walker will try. He finds Sterling. He's tiptoeing his way round. And it's Bernardo Silva! Alex McCarthy sees it up and over. Is this a goal? Answer yes or no.,reproducing_code/vlm-circuits-analysis/data/goal/composites_noisy_sigma0p1/ChTFpiaS/im/2/IM_7.png,yes,vision_only,
x2i73QnS,2,IM_5,SHOT-ON-TARGET,important,0.643046,This very own pocket rocket to try and whip it into the top court.,"Atalanta's very own pocket rocket to try and whip it into the top corner,",You are watching a football match. This very own pocket rocket to try and whip it into the top court. Is this a goal? Answer yes or no.,reproducing_code/vlm-circuits-analysis/data/goal/composites/x2i73QnS/im/2/IM_5.png,no,vision_only,You are watching a football match. This very own pocket rocket to try and whip it into the top court. Is this a goal? Answer yes or no.,reproducing_code/vlm-circuits-analysis/data/goal/composites_noisy_sigma0p1/x2i73QnS/im/2/IM_5.png,yes,vision_only,
UcZVYDFH,1,IM_15,SHOT-ON-TARGET,important,0.953017,"He's the only man there, has Berenguer to his right. He's going to strike it at goal. He's always a little bit too high though. And the parade of noise.",he's the only man there has Berenguer to his right he's going to strike it at goal as always a little bit too high though the parade of noise,"You are watching a football match. He's the only man there, has Berenguer to his right. He's going to strike it at goal. He's always a little bit too high though. And the parade of noise. Is this a goal? Answer yes or no.",reproducing_code/vlm-circuits-analysis/data/goal/composites/UcZVYDFH/im/1/IM_15.png,no,vision_only,"You are watching a football match. He's the only man there, has Berenguer to his right. He's going to strike it at goal. He's always a little bit too high though. And the parade of noise. Is this a goal? Answer yes or no.",reproducing_code/vlm-circuits-analysis/data/goal/composites_noisy_sigma0p1/UcZVYDFH/im/1/IM_15.png,yes,vision_only,
UBdITpNb,2,IM_6,SHOT-ON-TARGET,important,0.960472,Some way off target. Good goalkeeping from Alisson.,some way off target good goalkeeping from Alisson,You are watching a football match. Some way off target. Good goalkeeping from Alisson. Is this a goal? Answer yes or no.,reproducing_code/vlm-circuits-analysis/data/goal/composites/UBdITpNb/im/2/IM_6.png,no,vision_only,You are watching a football match. Some way off target. Good goalkeeping from Alisson. Is this a goal? Answer yes or no.,reproducing_code/vlm-circuits-analysis/data/goal/composites_noisy_sigma0p1/UBdITpNb/im/2/IM_6.png,yes,vision_only,
G6wyC3XE,2,IM_4,SHOT-ON-TARGET,important,1.000000,But certainly this time it's the goalkeeper who saves Virgil van Dijk. Far too casual.,But certainly this time it's the goalkeeper who saves Virgil van Dijk. Far too casual.,You are watching a football match. But certainly this time it's the goalkeeper who saves Virgil van Dijk. Far too casual. Is this a goal? Answer yes or no.,reproducing_code/vlm-circuits-analysis/data/goal/composites/G6wyC3XE/im/2/IM_4.png,no,vision_only,You are watching a football match. But certainly this time it's the goalkeeper who saves Virgil van Dijk. Far too casual. Is this a goal? Answer yes or no.,reproducing_code/vlm-circuits-analysis/data/goal/composites_noisy_sigma0p1/G6wyC3XE/im/2/IM_4.png,yes,vision_only,
ABcIbvu8,2,IM_1,SHOT-ON-TARGET,important,0.186679,"Tini. Mendoza, Ozil. Tini. Made room for a lovely cross. So close. So close. Yet so far from Pepe. Well, he's made his presence felt.",Te,"You are watching a football match. Tini. Mendoza, Ozil. Tini. Made room for a lovely cross. So close. So close. Yet so far from Pepe. Well, he's made his presence felt. Is this a goal? Answer yes or no.",reproducing_code/vlm-circuits-analysis/data/goal/composites/ABcIbvu8/im/2/IM_1.png,no,vision_only,"You are watching a football match. Tini. Mendoza, Ozil. Tini. Made room for a lovely cross. So close. So close. Yet so far from Pepe. Well, he's made his presence felt. Is this a goal? Answer yes or no.",reproducing_code/vlm-circuits-analysis/data/goal/composites_noisy_sigma0p1/ABcIbvu8/im/2/IM_1.png,yes,vision_only,
x2i73QnS,2,IM_4,SHOT-ON-TARGET,important,0.674894,"Given some of his heroics of previous seasons, here he comes, Atenanta's very own pocket rocket to try and whip it into the top court.","in this campaign, given some of his heroics of previous seasons. Here he comes, Atalanta's very own pocket rocket to try and whip it into the top corner,","You are watching a football match. Given some of his heroics of previous seasons, here he comes, Atenanta's very own pocket rocket to try and whip it into the top court. Is this a goal? Answer yes or no.",reproducing_code/vlm-circuits-analysis/data/goal/composites/x2i73QnS/im/2/IM_4.png,no,vision_only,"You are watching a football match. Given some of his heroics of previous seasons, here he comes, Atenanta's very own pocket rocket to try and whip it into the top court. Is this a goal? Answer yes or no.",reproducing_code/vlm-circuits-analysis/data/goal/composites_noisy_sigma0p1/x2i73QnS/im/2/IM_4.png,yes,vision_only,
vXz1jGnl,2,IM_2,SHOT-ON-TARGET,important,0.600183,"And it was N'Golo Kante looking to level it up. What a save, was that Edison's foot? It was, it was an amazing stop. No, it's the defender, wasn't it? All sorts of space for Azpilicueta. Bernardino in the way. Chelsea cornered that.",Chelsea corner though.,"You are watching a football match. And it was N'Golo Kante looking to level it up. What a save, was that Edison's foot? It was, it was an amazing stop. No, it's the defender, wasn't it? All sorts of space for Azpilicueta. Bernardino in the way. Chelsea cornered that. Is this a goal? Answer yes or no.",reproducing_code/vlm-circuits-analysis/data/goal/composites/vXz1jGnl/im/2/IM_2.png,no,vision_only,"You are watching a football match. And it was N'Golo Kante looking to level it up. What a save, was that Edison's foot? It was, it was an amazing stop. No, it's the defender, wasn't it? All sorts of space for Azpilicueta. Bernardino in the way. Chelsea cornered that. Is this a goal? Answer yes or no.",reproducing_code/vlm-circuits-analysis/data/goal/composites_noisy_sigma0p1/vXz1jGnl/im/2/IM_2.png,yes,vision_only,
OtQpc975,2,IM_9,SHOT-ON-TARGET,important,0.782012,The effort cruelly denied by the woodwork.,the effort cruelly denied by the woodwork pizekane,You are watching a football match. The effort cruelly denied by the woodwork. Is this a goal? Answer yes or no.,reproducing_code/vlm-circuits-analysis/data/goal/composites/OtQpc975/im/2/IM_9.png,no,vision_only,You are watching a football match. The effort cruelly denied by the woodwork. Is this a goal? Answer yes or no.,reproducing_code/vlm-circuits-analysis/data/goal/composites_noisy_sigma0p1/OtQpc975/im/2/IM_9.png,yes,vision_only,
OtQpc975,1,IM_6,SHOT-ON-TARGET,important,0.915789,"We can't find a difference from this kind of distance. As we wait for the whistle. And Gomez, it is Gomez! Metcaraña responds with an excellent save. Clearing the wall with his effort, Papu Gomez. But just didn't get the ball wide of the keeper enough.",of difference from this kind of distance as we wait for the whistle and gomez it is gomez with an excellent save clearing the wall with his effort papu gomez but just didn't get the ball wide of the keeper enough,"You are watching a football match. We can't find a difference from this kind of distance. As we wait for the whistle. And Gomez, it is Gomez! Metcaraña responds with an excellent save. Clearing the wall with his effort, Papu Gomez. But just didn't get the ball wide of the keeper enough. Is this a goal? Answer yes or no.",reproducing_code/vlm-circuits-analysis/data/goal/composites/OtQpc975/im/1/IM_6.png,no,vision_only,"You are watching a football match. We can't find a difference from this kind of distance. As we wait for the whistle. And Gomez, it is Gomez! Metcaraña responds with an excellent save. Clearing the wall with his effort, Papu Gomez. But just didn't get the ball wide of the keeper enough. Is this a goal? Answer yes or no.",reproducing_code/vlm-circuits-analysis/data/goal/composites_noisy_sigma0p1/OtQpc975/im/1/IM_6.png,yes,vision_only,
8S0QVm38,1,IM_2,SHOT-ON-TARGET,important,0.983050,"Both sides are trying to open up options going forward, but both defences are just very rigid at the moment, not allowing much through. No, it'll take a little bit of time for this game to settle. It's not going to be open early on. Susso, cutting back onto that left boot. It's a good ball in as well. It was just in front of Bonaventura.","Both sides are trying to open up options going forward, but both defences just very rigid at the moment, not allowing much through. No, it'll take a little bit of time for this game to settle. It's not going to be open early on. Suso cutting back onto that left boot. It's a good ball in as well. It was just in front of Bonaventura.","You are watching a football match. Both sides are trying to open up options going forward, but both defences are just very rigid at the moment, not allowing much through. No, it'll take a little bit of time for this game to settle. It's not going to be open early on. Susso, cutting back onto that left boot. It's a good ball in as well. It was just in front of Bonaventura. Is this a goal? Answer yes or no.",reproducing_code/vlm-circuits-analysis/data/goal/composites/8S0QVm38/im/1/IM_2.png,no,vision_only,"You are watching a football match. Both sides are trying to open up options going forward, but both defences are just very rigid at the moment, not allowing much through. No, it'll take a little bit of time for this game to settle. It's not going to be open early on. Susso, cutting back onto that left boot. It's a good ball in as well. It was just in front of Bonaventura. Is this a goal? Answer yes or no.",reproducing_code/vlm-circuits-analysis/data/goal/composites_noisy_sigma0p1/8S0QVm38/im/1/IM_2.png,yes,vision_only,
OtQpc975,1,IM_2,SHOT-ON-TARGET,important,0.901832,"Zapatka is joined by Pazilic, Hatabur. Castagne in the area. Ball swung in at the near post, it's flicked on, and it's still there that nobody can bang it home for Atalanta.","Zapatah is joined by Pazalec Hattaboor. Castagne in the area. Ball swung in at the near post, it's flicked on, and it's still there! But nobody can bang it home for Atalanta.","You are watching a football match. Zapatka is joined by Pazilic, Hatabur. Castagne in the area. Ball swung in at the near post, it's flicked on, and it's still there that nobody can bang it home for Atalanta. Is this a goal? Answer yes or no.",reproducing_code/vlm-circuits-analysis/data/goal/composites/OtQpc975/im/1/IM_2.png,no,vision_only,"You are watching a football match. Zapatka is joined by Pazilic, Hatabur. Castagne in the area. Ball swung in at the near post, it's flicked on, and it's still there that nobody can bang it home for Atalanta. Is this a goal? Answer yes or no.",reproducing_code/vlm-circuits-analysis/data/goal/composites_noisy_sigma0p1/OtQpc975/im/1/IM_2.png,yes,vision_only,
4rxwHJn7,2,IM_1,SHOT-ON-TARGET,important,0.459207,"Now Blavic. Benessi! For all the world, it looked like it was...",Now a Signore. Now a Signore. Now a Signore. Now a Signore. Uh! Now a Signore. Now Blavic. Now Blavic. Now Blavic.,"You are watching a football match. Now Blavic. Benessi! For all the world, it looked like it was... Is this a goal? Answer yes or no.",reproducing_code/vlm-circuits-analysis/data/goal/composites/4rxwHJn7/im/2/IM_1.png,no,vision_only,"You are watching a football match. Now Blavic. Benessi! For all the world, it looked like it was... Is this a goal? Answer yes or no.",reproducing_code/vlm-circuits-analysis/data/goal/composites_noisy_sigma0p1/4rxwHJn7/im/2/IM_1.png,yes,vision_only,
4rxwHJn7,2,IM_2,SHOT-ON-TARGET,important,0.697723,And Ronaldo couldn't quite get there in time. Fiorentina hang on by their fingertips. What a save this is.,"Metancur, now Douglas Costa. Lovely sway of the hips to kick out the pass for Higuain. And Ronaldo couldn't quite get there in time. Fiorentina hang on by their fingertips. What a save this is.",You are watching a football match. And Ronaldo couldn't quite get there in time. Fiorentina hang on by their fingertips. What a save this is. Is this a goal? Answer yes or no.,reproducing_code/vlm-circuits-analysis/data/goal/composites/4rxwHJn7/im/2/IM_2.png,no,vision_only,You are watching a football match. And Ronaldo couldn't quite get there in time. Fiorentina hang on by their fingertips. What a save this is. Is this a goal? Answer yes or no.,reproducing_code/vlm-circuits-analysis/data/goal/composites_noisy_sigma0p1/4rxwHJn7/im/2/IM_2.png,yes,vision_only,
G6wyC3XE,1,IM_3,SHOT-ON-TARGET,important,0.744820,Here's Henderson. Molino finds Alexander-Arnold. It's in to Sadio Mane who's on the turn. Patricio scrambling across his goal.,He's got a good point. He's got a good point. Here's Henderson. He's got a good point. He's got a good point. Firmino finds Alexander-Arnold. A roll by Firmino but not too far. It's into Sadio Mane who's on the turn. He's got Rui Patricio scrambling across his goal.,You are watching a football match. Here's Henderson. Molino finds Alexander-Arnold. It's in to Sadio Mane who's on the turn. Patricio scrambling across his goal. Is this a goal? Answer yes or no.,reproducing_code/vlm-circuits-analysis/data/goal/composites/G6wyC3XE/im/1/IM_3.png,no,vision_only,You are watching a football match. Here's Henderson. Molino finds Alexander-Arnold. It's in to Sadio Mane who's on the turn. Patricio scrambling across his goal. Is this a goal? Answer yes or no.,reproducing_code/vlm-circuits-analysis/data/goal/composites_noisy_sigma0p1/G6wyC3XE/im/1/IM_3.png,yes,vision_only,
8S0QVm38,2,IM_2,SHOT-ON-TARGET,important,0.735063,Dzeko down to Pastore. Touch was just too close to Romagnoli. Back in again Dzeko. Just can't contort his body to bring it under control. I've seen more than three minutes in the second half from Roma than it did. The whole of the 45 looked a lot more slicker in possession. Given away by Higuain. And in Dzeko! Just for a moment you thought he'd found the top corner. A whisper away from Donnarumma's right hand.,djecco down to pastore touch was just too close to romagnoli back in again djecco just can't contort his body to bring it under control i've seen more than three minutes in the second half from roma than it did the whole of the 45 a lot more slicker in possession given away by iguain heading djecco oh,You are watching a football match. Dzeko down to Pastore. Touch was just too close to Romagnoli. Back in again Dzeko. Just can't contort his body to bring it under control. I've seen more than three minutes in the second half from Roma than it did. The whole of the 45 looked a lot more slicker in possession. Given away by Higuain. And in Dzeko! Just for a moment you thought he'd found the top corner. A whisper away from Donnarumma's right hand. Is this a goal? Answer yes or no.,reproducing_code/vlm-circuits-analysis/data/goal/composites/8S0QVm38/im/2/IM_2.png,no,vision_only,You are watching a football match. Dzeko down to Pastore. Touch was just too close to Romagnoli. Back in again Dzeko. Just can't contort his body to bring it under control. I've seen more than three minutes in the second half from Roma than it did. The whole of the 45 looked a lot more slicker in possession. Given away by Higuain. And in Dzeko! Just for a moment you thought he'd found the top corner. A whisper away from Donnarumma's right hand. Is this a goal? Answer yes or no.,reproducing_code/vlm-circuits-analysis/data/goal/composites_noisy_sigma0p1/8S0QVm38/im/2/IM_2.png,yes,vision_only,
UBdITpNb,2,IM_5,SHOT-ON-TARGET,important,0.808036,"Structure from Duas, appears to be just whacking in high and long. Let's see what happens on Warcher going up, it's Duas that won it, Gomez gets it clear, not very far clear. Good goalkeeping, Alisson beats it away, Alan Dongola some way off target.",destruction from Duas appears to be just whack it in high and long let's see what happens on Wachu going up it's Duas that won it Gomez gets it clear not very far clear good goalkeeping Alisson beats it away Alan Bongala some way off target,"You are watching a football match. Structure from Duas, appears to be just whacking in high and long. Let's see what happens on Warcher going up, it's Duas that won it, Gomez gets it clear, not very far clear. Good goalkeeping, Alisson beats it away, Alan Dongola some way off target. Is this a goal? Answer yes or no.",reproducing_code/vlm-circuits-analysis/data/goal/composites/UBdITpNb/im/2/IM_5.png,no,vision_only,"You are watching a football match. Structure from Duas, appears to be just whacking in high and long. Let's see what happens on Warcher going up, it's Duas that won it, Gomez gets it clear, not very far clear. Good goalkeeping, Alisson beats it away, Alan Dongola some way off target. Is this a goal? Answer yes or no.",reproducing_code/vlm-circuits-analysis/data/goal/composites_noisy_sigma0p1/UBdITpNb/im/2/IM_5.png,yes,vision_only,
Yo4Xirtq,2,IM_3,SHOT-ON-TARGET,important,0.943149,"They keep changing the mind, they keep changing the boards, I'm looking at them now. He was due to come on just after David Luiz was sent off, here's Barkley, good save! Wonderful ball, floated in. Yeah, it was, it was a lovely run by Ross Barkley.","They keep changing the mind, aren't they? They keep changing the ball, so I can look at them now. Yeah. He was due to come on just after David Luiz was sent off. Here's Barkley, good save! Wonderful ball, floated in. Yeah, it was. It was a lovely run by Ross Barkley.","You are watching a football match. They keep changing the mind, they keep changing the boards, I'm looking at them now. He was due to come on just after David Luiz was sent off, here's Barkley, good save! Wonderful ball, floated in. Yeah, it was, it was a lovely run by Ross Barkley. Is this a goal? Answer yes or no.",reproducing_code/vlm-circuits-analysis/data/goal/composites/Yo4Xirtq/im/2/IM_3.png,no,vision_only,"You are watching a football match. They keep changing the mind, they keep changing the boards, I'm looking at them now. He was due to come on just after David Luiz was sent off, here's Barkley, good save! Wonderful ball, floated in. Yeah, it was, it was a lovely run by Ross Barkley. Is this a goal? Answer yes or no.",reproducing_code/vlm-circuits-analysis/data/goal/composites_noisy_sigma0p1/Yo4Xirtq/im/2/IM_3.png,yes,vision_only,
rs1thcel,1,IM_7,SHOT-ON-TARGET,important,0.787460,"This is Rafael Toloi. Kacilic, Gomez, Muriel, have a turn. Gomez can hit it! And it very nearly turned into an own goal from Robin Olsen.",And there aren't too many in Europe Castagne This is Rafael Toloi Kasalic Gomez Muriel have a turn Gomez can hit it And it very nearly turned into an own goal from Robin Olsen,"You are watching a football match. This is Rafael Toloi. Kacilic, Gomez, Muriel, have a turn. Gomez can hit it! And it very nearly turned into an own goal from Robin Olsen. Is this a goal? Answer yes or no.",reproducing_code/vlm-circuits-analysis/data/goal/composites/rs1thcel/im/1/IM_7.png,no,vision_only,"You are watching a football match. This is Rafael Toloi. Kacilic, Gomez, Muriel, have a turn. Gomez can hit it! And it very nearly turned into an own goal from Robin Olsen. Is this a goal? Answer yes or no.",reproducing_code/vlm-circuits-analysis/data/goal/composites_noisy_sigma0p1/rs1thcel/im/1/IM_7.png,yes,vision_only,
OW4kbPoI,1,IM_3,SHOT-ON-TARGET,important,0.468970,"Salah. Tipped in by Henderson, they're lining up at the far first.",Salah.,"You are watching a football match. Salah. Tipped in by Henderson, they're lining up at the far first. Is this a goal? Answer yes or no.",reproducing_code/vlm-circuits-analysis/data/goal/composites/OW4kbPoI/im/1/IM_3.png,no,vision_only,"You are watching a football match. Salah. Tipped in by Henderson, they're lining up at the far first. Is this a goal? Answer yes or no.",reproducing_code/vlm-circuits-analysis/data/goal/composites_noisy_sigma0p1/OW4kbPoI/im/1/IM_3.png,yes,vision_only,
G6wyC3XE,2,IM_5,SHOT-ON-TARGET,important,0.459157,"in the Premier League, Jean-Jacques Dien, who she is. And Tango Arnold having to be careful, Jimenez!",Sure is how dangerous he is. And Andrew Arnold having to be careful. Jimenez.,"You are watching a football match. in the Premier League, Jean-Jacques Dien, who she is. And Tango Arnold having to be careful, Jimenez! Is this a goal? Answer yes or no.",reproducing_code/vlm-circuits-analysis/data/goal/composites/G6wyC3XE/im/2/IM_5.png,no,vision_only,"You are watching a football match. in the Premier League, Jean-Jacques Dien, who she is. And Tango Arnold having to be careful, Jimenez! Is this a goal? Answer yes or no.",reproducing_code/vlm-circuits-analysis/data/goal/composites_noisy_sigma0p1/G6wyC3XE/im/2/IM_5.png,yes,vision_only,
8S0QVm38,1,IM_6,SHOT-ON-TARGET,important,0.923652,"Higuain. Kessier, room to move into once again. Susso is making the run, Higuain the preferred option, Chalinalu has support on the overlap. Just look at the body language of Dengue de Rossi and Steven and Zonzi are working hard. It's a good strike from range and tipped away by Olsen.",Higuaín Kese Room to move into once again Susso is making the run Higuaín The preferred option Chalanoly Has support on the overlap Just look at the body language Of Dengue Di Rossi And then Steven Anzonzi Are working hard It's a good strike from range And tipped away by Olsen,"You are watching a football match. Higuain. Kessier, room to move into once again. Susso is making the run, Higuain the preferred option, Chalinalu has support on the overlap. Just look at the body language of Dengue de Rossi and Steven and Zonzi are working hard. It's a good strike from range and tipped away by Olsen. Is this a goal? Answer yes or no.",reproducing_code/vlm-circuits-analysis/data/goal/composites/8S0QVm38/im/1/IM_6.png,no,vision_only,"You are watching a football match. Higuain. Kessier, room to move into once again. Susso is making the run, Higuain the preferred option, Chalinalu has support on the overlap. Just look at the body language of Dengue de Rossi and Steven and Zonzi are working hard. It's a good strike from range and tipped away by Olsen. Is this a goal? Answer yes or no.",reproducing_code/vlm-circuits-analysis/data/goal/composites_noisy_sigma0p1/8S0QVm38/im/1/IM_6.png,yes,vision_only,
reYzH7wg,1,IM_2,SHOT-ON-TARGET,important,0.886218,"The flag went up, wouldn't have counted. Lovely ball by Dybala. And by Cuadrado, plenty of pace on it. 82 goals in his last 79 games for Club of Country.",Missile blew in the end. Flag went up. Wouldn't have counted. Lovely ball by Dybala. And by Quadrado. Plenty of pace on it. 82 goals in his last 79 games for Club of Country.,"You are watching a football match. The flag went up, wouldn't have counted. Lovely ball by Dybala. And by Cuadrado, plenty of pace on it. 82 goals in his last 79 games for Club of Country. Is this a goal? Answer yes or no.",reproducing_code/vlm-circuits-analysis/data/goal/composites/reYzH7wg/im/1/IM_2.png,no,vision_only,"You are watching a football match. The flag went up, wouldn't have counted. Lovely ball by Dybala. And by Cuadrado, plenty of pace on it. 82 goals in his last 79 games for Club of Country. Is this a goal? Answer yes or no.",reproducing_code/vlm-circuits-analysis/data/goal/composites_noisy_sigma0p1/reYzH7wg/im/1/IM_2.png,yes,vision_only,
OW4kbPoI,2,IM_3,SHOT-ON-TARGET,important,0.893537,"Gomez. Wijnaldum. Holding off the Celso but not. Substitute got a foot in and Spurs could be in here with some! Well, these chances have been so fleeting.",gomez right now the celso but not substitute got a foot in and spurs could be in here with some of the,"You are watching a football match. Gomez. Wijnaldum. Holding off the Celso but not. Substitute got a foot in and Spurs could be in here with some! Well, these chances have been so fleeting. Is this a goal? Answer yes or no.",reproducing_code/vlm-circuits-analysis/data/goal/composites/OW4kbPoI/im/2/IM_3.png,no,vision_only,"You are watching a football match. Gomez. Wijnaldum. Holding off the Celso but not. Substitute got a foot in and Spurs could be in here with some! Well, these chances have been so fleeting. Is this a goal? Answer yes or no.",reproducing_code/vlm-circuits-analysis/data/goal/composites_noisy_sigma0p1/OW4kbPoI/im/2/IM_3.png,yes,vision_only,
bZhxz4I5,1,IM_3,SHOT-ON-TARGET,important,0.944616,But they were caught cold themselves. No offside against Ilyich. And it's a fine stop by Gabriel. A really good save.,but they were caught cold themselves no offside against Ilicic and it's a fine stop by Gabriel a really good save,You are watching a football match. But they were caught cold themselves. No offside against Ilyich. And it's a fine stop by Gabriel. A really good save. Is this a goal? Answer yes or no.,reproducing_code/vlm-circuits-analysis/data/goal/composites/bZhxz4I5/im/1/IM_3.png,no,vision_only,You are watching a football match. But they were caught cold themselves. No offside against Ilyich. And it's a fine stop by Gabriel. A really good save. Is this a goal? Answer yes or no.,reproducing_code/vlm-circuits-analysis/data/goal/composites_noisy_sigma0p1/bZhxz4I5/im/1/IM_3.png,yes,vision_only,
G6wyC3XE,2,NIM_2,CORNER/THROW-IN,not_important,0.126152,CHIPALO Pcast—,"in wanting to draw a man who... could not trust... don Türk Anyway,特別 de pretzio... tri Тамра no kжin gund a�ה...",You are watching a football match. CHIPALO Pcast—. Is this a goal? Answer yes or no.,reproducing_code/vlm-circuits-analysis/data/goal/composites/G6wyC3XE/nim/2/NIM_2.png,no,vision_only,You are watching a football match. CHIPALO Pcast—. Is this a goal? Answer yes or no.,reproducing_code/vlm-circuits-analysis/data/goal/composites_noisy_sigma0p1/G6wyC3XE/nim/2/NIM_2.png,yes,vision_only,
0jJj5Mme,2,NIM_9,CORNER/THROW-IN,not_important,0.761181,"Valtamazzari was talking about the fact that he hoped to see the best of Simone Verdi and that he just needs a spark to get him going in a Torino shirt after a rather underwhelming start to his Granata career. Well, it hasn't come today. Simone Adera is the man to come on. Here's Vincenzo Milico.",well to mattari was talking about the fact that he hoped to see the best of simone verdi and that he just needs a spark to get him going in a torino shirt after a rather underwhelming start to his granata career while it hasn't come today,"You are watching a football match. Valtamazzari was talking about the fact that he hoped to see the best of Simone Verdi and that he just needs a spark to get him going in a Torino shirt after a rather underwhelming start to his Granata career. Well, it hasn't come today. Simone Adera is the man to come on. Here's Vincenzo Milico. Is this a goal? Answer yes or no.",reproducing_code/vlm-circuits-analysis/data/goal/composites/0jJj5Mme/nim/2/NIM_9.png,no,vision_only,"You are watching a football match. Valtamazzari was talking about the fact that he hoped to see the best of Simone Verdi and that he just needs a spark to get him going in a Torino shirt after a rather underwhelming start to his Granata career. Well, it hasn't come today. Simone Adera is the man to come on. Here's Vincenzo Milico. Is this a goal? Answer yes or no.",reproducing_code/vlm-circuits-analysis/data/goal/composites_noisy_sigma0p1/0jJj5Mme/nim/2/NIM_9.png,yes,vision_only,
W0KvTtjG,1,NIM_7,CORNER/THROW-IN,not_important,0.124246,It's needed to be a slightly better ball.,. .,You are watching a football match. It's needed to be a slightly better ball. Is this a goal? Answer yes or no.,reproducing_code/vlm-circuits-analysis/data/goal/composites/W0KvTtjG/nim/1/NIM_7.png,no,vision_only,You are watching a football match. It's needed to be a slightly better ball. Is this a goal? Answer yes or no.,reproducing_code/vlm-circuits-analysis/data/goal/composites_noisy_sigma0p1/W0KvTtjG/nim/1/NIM_7.png,yes,vision_only,
xpER1kZQ,2,NIM_10,CORNER/THROW-IN,not_important,0.983750,Don't get too out to the ball quickly enough here Sheffield. Dean did really well to get himself to the byline. Dean Henderson may have done better front post.,"Don't get two out to the ball quickly enough here, Sheffield. Dean did really well to get himself to the byline. Dean Henderson may have done better front post.",You are watching a football match. Don't get too out to the ball quickly enough here Sheffield. Dean did really well to get himself to the byline. Dean Henderson may have done better front post. Is this a goal? Answer yes or no.,reproducing_code/vlm-circuits-analysis/data/goal/composites/xpER1kZQ/nim/2/NIM_10.png,no,vision_only,You are watching a football match. Don't get too out to the ball quickly enough here Sheffield. Dean did really well to get himself to the byline. Dean Henderson may have done better front post. Is this a goal? Answer yes or no.,reproducing_code/vlm-circuits-analysis/data/goal/composites_noisy_sigma0p1/xpER1kZQ/nim/2/NIM_10.png,yes,vision_only,
EPk1kLq4,2,NIM_1,CORNER/THROW-IN,not_important,0.899188,"It will be a corner. Some pieces can see plenty of goals last season. It's not a habit that they'll continue this, they've got away with that one. That was the big talk of last season, certainly before Christmas. Marco Silva and Zolo Markin.",It will be a corner. Some pieces. Dead Seatham can see plenty of goals last season. That's not a habit that they'll continue this. They've got away with that one. That was the big talk of last season. Certainly before Christmas. Marco Silva and Zonal Markin.,"You are watching a football match. It will be a corner. Some pieces can see plenty of goals last season. It's not a habit that they'll continue this, they've got away with that one. That was the big talk of last season, certainly before Christmas. Marco Silva and Zolo Markin. Is this a goal? Answer yes or no.",reproducing_code/vlm-circuits-analysis/data/goal/composites/EPk1kLq4/nim/2/NIM_1.png,no,vision_only,"You are watching a football match. It will be a corner. Some pieces can see plenty of goals last season. It's not a habit that they'll continue this, they've got away with that one. That was the big talk of last season, certainly before Christmas. Marco Silva and Zolo Markin. Is this a goal? Answer yes or no.",reproducing_code/vlm-circuits-analysis/data/goal/composites_noisy_sigma0p1/EPk1kLq4/nim/2/NIM_1.png,yes,vision_only,
rs1thcel,2,NIM_4,CORNER/THROW-IN,not_important,0.710993,"Malinowski with the corner. Muriel's effort came off Licojani's who clears it towards Simeone, well read by Freuler.",to play Malinowski with the corner Muriel's effort came off Licoianis,"You are watching a football match. Malinowski with the corner. Muriel's effort came off Licojani's who clears it towards Simeone, well read by Freuler. Is this a goal? Answer yes or no.",reproducing_code/vlm-circuits-analysis/data/goal/composites/rs1thcel/nim/2/NIM_4.png,no,vision_only,"You are watching a football match. Malinowski with the corner. Muriel's effort came off Licojani's who clears it towards Simeone, well read by Freuler. Is this a goal? Answer yes or no.",reproducing_code/vlm-circuits-analysis/data/goal/composites_noisy_sigma0p1/rs1thcel/nim/2/NIM_4.png,yes,vision_only,
vVcWSKae,2,NIM_4,CORNER/THROW-IN,not_important,0.792585,"From Jess, doesn't have to really break stride does he Chiesa? Jelankovic, Vittorigo and Pretzeler all forward.","Doesn't have to really break stride, does he, Chiesa?","You are watching a football match. From Jess, doesn't have to really break stride does he Chiesa? Jelankovic, Vittorigo and Pretzeler all forward. Is this a goal? Answer yes or no.",reproducing_code/vlm-circuits-analysis/data/goal/composites/vVcWSKae/nim/2/NIM_4.png,no,vision_only,"You are watching a football match. From Jess, doesn't have to really break stride does he Chiesa? Jelankovic, Vittorigo and Pretzeler all forward. Is this a goal? Answer yes or no.",reproducing_code/vlm-circuits-analysis/data/goal/composites_noisy_sigma0p1/vVcWSKae/nim/2/NIM_4.png,yes,vision_only,
KMdvNjmo,1,NIM_5,CORNER/THROW-IN,not_important,0.188727,.,they have been,You are watching a football match. . Is this a goal? Answer yes or no.,reproducing_code/vlm-circuits-analysis/data/goal/composites/KMdvNjmo/nim/1/NIM_5.png,no,vision_only,You are watching a football match. . Is this a goal? Answer yes or no.,reproducing_code/vlm-circuits-analysis/data/goal/composites_noisy_sigma0p1/KMdvNjmo/nim/1/NIM_5.png,yes,vision_only,
OtQpc975,1,NIM_7,CORNER/THROW-IN,not_important,0.425881,be opposed to a goal Elliot is so fast,Cagliari so far doing enough to hold out. Ladea. That's a ball given back now.,You are watching a football match. be opposed to a goal Elliot is so fast. Is this a goal? Answer yes or no.,reproducing_code/vlm-circuits-analysis/data/goal/composites/OtQpc975/nim/1/NIM_7.png,no,vision_only,You are watching a football match. be opposed to a goal Elliot is so fast. Is this a goal? Answer yes or no.,reproducing_code/vlm-circuits-analysis/data/goal/composites_noisy_sigma0p1/OtQpc975/nim/1/NIM_7.png,yes,vision_only,
KMdvNjmo,1,NIM_6,CORNER/THROW-IN,not_important,0.759024,Definitely looks like he's got a free roll there doesn't he? I'm convincing in the third quarter,definitely looks like he's got a free roll there doesn't he well convincing in the third qualifying round,You are watching a football match. Definitely looks like he's got a free roll there doesn't he? I'm convincing in the third quarter. Is this a goal? Answer yes or no.,reproducing_code/vlm-circuits-analysis/data/goal/composites/KMdvNjmo/nim/1/NIM_6.png,no,vision_only,You are watching a football match. Definitely looks like he's got a free roll there doesn't he? I'm convincing in the third quarter. Is this a goal? Answer yes or no.,reproducing_code/vlm-circuits-analysis/data/goal/composites_noisy_sigma0p1/KMdvNjmo/nim/1/NIM_6.png,yes,vision_only,
6uUbMpl6,2,NIM_2,CORNER/THROW-IN,not_important,0.775976,Pjanic with the cross. Emre Can thought about the overhead. Away by Moncini. That's Pettanya. That's Miss Q. Will Spall make the change now? That's the question.,Pjanic with the cross Emre Chan thought about the other head way by Moncini that's Petana that's Miss Q,You are watching a football match. Pjanic with the cross. Emre Can thought about the overhead. Away by Moncini. That's Pettanya. That's Miss Q. Will Spall make the change now? That's the question. Is this a goal? Answer yes or no.,reproducing_code/vlm-circuits-analysis/data/goal/composites/6uUbMpl6/nim/2/NIM_2.png,no,vision_only,You are watching a football match. Pjanic with the cross. Emre Can thought about the overhead. Away by Moncini. That's Pettanya. That's Miss Q. Will Spall make the change now? That's the question. Is this a goal? Answer yes or no.,reproducing_code/vlm-circuits-analysis/data/goal/composites_noisy_sigma0p1/6uUbMpl6/nim/2/NIM_2.png,yes,vision_only,
OtQpc975,1,NIM_6,CORNER/THROW-IN,not_important,0.783541,The crowd are heating up. Zapata haven't eaten too much for him so far.,the crowd are heating up the crowd are heating up he's been involved in a good rally he is come on Zapata haven't heard too much from him so far,You are watching a football match. The crowd are heating up. Zapata haven't eaten too much for him so far. Is this a goal? Answer yes or no.,reproducing_code/vlm-circuits-analysis/data/goal/composites/OtQpc975/nim/1/NIM_6.png,no,vision_only,You are watching a football match. The crowd are heating up. Zapata haven't eaten too much for him so far. Is this a goal? Answer yes or no.,reproducing_code/vlm-circuits-analysis/data/goal/composites_noisy_sigma0p1/OtQpc975/nim/1/NIM_6.png,yes,vision_only,
tE2Jn2J8,2,NIM_14,CORNER/THROW-IN,not_important,0.660007,Is it going to be late heartbreak for Lecce? Betlawdeski with the corner.,Is it going to be a late heartbreak for Necce? Berladescu with the corner.,You are watching a football match. Is it going to be late heartbreak for Lecce? Betlawdeski with the corner. Is this a goal? Answer yes or no.,reproducing_code/vlm-circuits-analysis/data/goal/composites/tE2Jn2J8/nim/2/NIM_14.png,no,vision_only,You are watching a football match. Is it going to be late heartbreak for Lecce? Betlawdeski with the corner. Is this a goal? Answer yes or no.,reproducing_code/vlm-circuits-analysis/data/goal/composites_noisy_sigma0p1/tE2Jn2J8/nim/2/NIM_14.png,yes,vision_only,
ULTDmEW6,2,NIM_1,CORNER/THROW-IN,not_important,0.718227,"West Ham can profit from the corner, moving towards the final minute of the 90. Snodgrass with the delay.",can profit from the corner moving towards the final minute of the 90 Snodgrass with the delivery,"You are watching a football match. West Ham can profit from the corner, moving towards the final minute of the 90. Snodgrass with the delay. Is this a goal? Answer yes or no.",reproducing_code/vlm-circuits-analysis/data/goal/composites/ULTDmEW6/nim/2/NIM_1.png,no,vision_only,"You are watching a football match. West Ham can profit from the corner, moving towards the final minute of the 90. Snodgrass with the delay. Is this a goal? Answer yes or no.",reproducing_code/vlm-circuits-analysis/data/goal/composites_noisy_sigma0p1/ULTDmEW6/nim/2/NIM_1.png,yes,vision_only,
pOf6Wnwt,2,NIM_13,CORNER/THROW-IN,not_important,0.818889,"One of them eventually. And Oxlade-Chamberlade, more attack minds of players, you need them to get at. Mario release and try and pull the ball back away from the goalkeeper if you can. This was Alexander-Arnold's side against Barcelona in the semi-final. Cop end of Anfield. In goes the corner, Koulibaly, Henderson's shot deflected.",And Oxlade-Chamberlain has more attack minds of players. You need them to get at Mario Ruiz and try and pull the ball back away from the goalkeeper if you can. This was Alexander-Arnold's side against Barcelona in the semi-final. Cop end of Anfield. In goes the corner. Coulibaly. Henderson's shot deflected. Van Dijk couldn't reach it.,"You are watching a football match. One of them eventually. And Oxlade-Chamberlade, more attack minds of players, you need them to get at. Mario release and try and pull the ball back away from the goalkeeper if you can. This was Alexander-Arnold's side against Barcelona in the semi-final. Cop end of Anfield. In goes the corner, Koulibaly, Henderson's shot deflected. Is this a goal? Answer yes or no.",reproducing_code/vlm-circuits-analysis/data/goal/composites/pOf6Wnwt/nim/2/NIM_13.png,no,vision_only,"You are watching a football match. One of them eventually. And Oxlade-Chamberlade, more attack minds of players, you need them to get at. Mario release and try and pull the ball back away from the goalkeeper if you can. This was Alexander-Arnold's side against Barcelona in the semi-final. Cop end of Anfield. In goes the corner, Koulibaly, Henderson's shot deflected. Is this a goal? Answer yes or no.",reproducing_code/vlm-circuits-analysis/data/goal/composites_noisy_sigma0p1/pOf6Wnwt/nim/2/NIM_13.png,yes,vision_only,
Yo4Xirtq,2,NIM_9,CORNER/THROW-IN,not_important,0.921818,"Emerson with a Chelsea corner, headed away by Lacazette, Barkley didn't catch it. Well Rob Holding's been coming on for about an hour.","Emerson with the Chelsea corner, headed away by Lacazette. Barkley didn't catch it.","You are watching a football match. Emerson with a Chelsea corner, headed away by Lacazette, Barkley didn't catch it. Well Rob Holding's been coming on for about an hour. Is this a goal? Answer yes or no.",reproducing_code/vlm-circuits-analysis/data/goal/composites/Yo4Xirtq/nim/2/NIM_9.png,no,vision_only,"You are watching a football match. Emerson with a Chelsea corner, headed away by Lacazette, Barkley didn't catch it. Well Rob Holding's been coming on for about an hour. Is this a goal? Answer yes or no.",reproducing_code/vlm-circuits-analysis/data/goal/composites_noisy_sigma0p1/Yo4Xirtq/nim/2/NIM_9.png,yes,vision_only,
06FNvY2s,2,NIM_8,CORNER/THROW-IN,not_important,0.914684,Hard to say where it was going before Pizek Anit dived in front of it.,Hard to say where it was going before Pizekanit dived in front of it.,You are watching a football match. Hard to say where it was going before Pizek Anit dived in front of it. Is this a goal? Answer yes or no.,reproducing_code/vlm-circuits-analysis/data/goal/composites/06FNvY2s/nim/2/NIM_8.png,no,vision_only,You are watching a football match. Hard to say where it was going before Pizek Anit dived in front of it. Is this a goal? Answer yes or no.,reproducing_code/vlm-circuits-analysis/data/goal/composites_noisy_sigma0p1/06FNvY2s/nim/2/NIM_8.png,yes,vision_only,
pU7DyBbB,2,NIM_9,CORNER/THROW-IN,not_important,0.986081,Certainly missed Lulic down this left-hand side.,certainly missed Lulic down this left hand side,You are watching a football match. Certainly missed Lulic down this left-hand side. Is this a goal? Answer yes or no.,reproducing_code/vlm-circuits-analysis/data/goal/composites/pU7DyBbB/nim/2/NIM_9.png,no,vision_only,You are watching a football match. Certainly missed Lulic down this left-hand side. Is this a goal? Answer yes or no.,reproducing_code/vlm-circuits-analysis/data/goal/composites_noisy_sigma0p1/pU7DyBbB/nim/2/NIM_9.png,yes,vision_only,
bBW7eQ6s,2,NIM_2,CORNER/THROW-IN,not_important,0.988375,"Another throw in for Sassuolo, which Rodrigo...","another throw in for Sassuolo, which Rodrigo","You are watching a football match. Another throw in for Sassuolo, which Rodrigo... Is this a goal? Answer yes or no.",reproducing_code/vlm-circuits-analysis/data/goal/composites/bBW7eQ6s/nim/2/NIM_2.png,no,vision_only,"You are watching a football match. Another throw in for Sassuolo, which Rodrigo... Is this a goal? Answer yes or no.",reproducing_code/vlm-circuits-analysis/data/goal/composites_noisy_sigma0p1/bBW7eQ6s/nim/2/NIM_2.png,yes,vision_only,
W0KvTtjG,1,NIM_6,CORNER/THROW-IN,not_important,0.975111,"Even by their own lofty standards of the past, this team is setting new marks. Tuesday's result in Salzburg took care of one issue. Now the concentration switches to the three competitions they're involved in over Christmas.",even by their own lofty standards of the past. This team is setting new marks. Tuesday's result in Salzburg took care of one issue. Now the concentration switches to the three competitions they're involved in over Christmas.,"You are watching a football match. Even by their own lofty standards of the past, this team is setting new marks. Tuesday's result in Salzburg took care of one issue. Now the concentration switches to the three competitions they're involved in over Christmas. Is this a goal? Answer yes or no.",reproducing_code/vlm-circuits-analysis/data/goal/composites/W0KvTtjG/nim/1/NIM_6.png,no,vision_only,"You are watching a football match. Even by their own lofty standards of the past, this team is setting new marks. Tuesday's result in Salzburg took care of one issue. Now the concentration switches to the three competitions they're involved in over Christmas. Is this a goal? Answer yes or no.",reproducing_code/vlm-circuits-analysis/data/goal/composites_noisy_sigma0p1/W0KvTtjG/nim/1/NIM_6.png,yes,vision_only,
OtQpc975,2,NIM_1,CORNER/THROW-IN,not_important,0.521386,And it's Hattabort fighting for possession. Can't come off. Well there's the full time whistle. Atalanta defeat Cagliari by one goal to nil.,"Hans Hattabur fighting for possession, can't come off.",You are watching a football match. And it's Hattabort fighting for possession. Can't come off. Well there's the full time whistle. Atalanta defeat Cagliari by one goal to nil. Is this a goal? Answer yes or no.,reproducing_code/vlm-circuits-analysis/data/goal/composites/OtQpc975/nim/2/NIM_1.png,no,vision_only,You are watching a football match. And it's Hattabort fighting for possession. Can't come off. Well there's the full time whistle. Atalanta defeat Cagliari by one goal to nil. Is this a goal? Answer yes or no.,reproducing_code/vlm-circuits-analysis/data/goal/composites_noisy_sigma0p1/OtQpc975/nim/2/NIM_1.png,yes,vision_only,
r9gYBR53,2,NIM_9,CORNER/THROW-IN,not_important,0.493392,We've seen the two down today. Here's the corner. Defended by Ibrahimovic. And again by Vadon Barami. Pandem. Shredder taken up by Barami.,We're two down today. Here's the corner. Fendley by Ibrahimovic. And again by Fadon Barami. Fendley.,You are watching a football match. We've seen the two down today. Here's the corner. Defended by Ibrahimovic. And again by Vadon Barami. Pandem. Shredder taken up by Barami. Is this a goal? Answer yes or no.,reproducing_code/vlm-circuits-analysis/data/goal/composites/r9gYBR53/nim/2/NIM_9.png,no,vision_only,You are watching a football match. We've seen the two down today. Here's the corner. Defended by Ibrahimovic. And again by Vadon Barami. Pandem. Shredder taken up by Barami. Is this a goal? Answer yes or no.,reproducing_code/vlm-circuits-analysis/data/goal/composites_noisy_sigma0p1/r9gYBR53/nim/2/NIM_9.png,yes,vision_only,
G6wyC3XE,1,NIM_1,SHOT-ON-TARGET,not_important,0.495512,Ronaldinho should be doing better.,"Again, should be doing better. Decent chance, that.",You are watching a football match. Ronaldinho should be doing better. Is this a goal? Answer yes or no.,reproducing_code/vlm-circuits-analysis/data/goal/composites/G6wyC3XE/nim/1/NIM_1.png,no,vision_only,You are watching a football match. Ronaldinho should be doing better. Is this a goal? Answer yes or no.,reproducing_code/vlm-circuits-analysis/data/goal/composites_noisy_sigma0p1/G6wyC3XE/nim/1/NIM_1.png,yes,vision_only,
Q3ZH0ngC,1,NIM_4,SHOT-ON-TARGET,not_important,0.580263,"Best in the world at that kind of ball, isn't it, Kevin De Broyder? Haselic lost it, chance here for Gabriel Jesus.","at that kind of ball, isn't it, Kevin De Bruyne?","You are watching a football match. Best in the world at that kind of ball, isn't it, Kevin De Broyder? Haselic lost it, chance here for Gabriel Jesus. Is this a goal? Answer yes or no.",reproducing_code/vlm-circuits-analysis/data/goal/composites/Q3ZH0ngC/nim/1/NIM_4.png,no,vision_only,"You are watching a football match. Best in the world at that kind of ball, isn't it, Kevin De Broyder? Haselic lost it, chance here for Gabriel Jesus. Is this a goal? Answer yes or no.",reproducing_code/vlm-circuits-analysis/data/goal/composites_noisy_sigma0p1/Q3ZH0ngC/nim/1/NIM_4.png,yes,vision_only,
06FNvY2s,2,NIM_2,SHOT-ON-TARGET,not_important,0.958080,Allen now with a cross towards Llorent.,Allen now with a cross towards Llorente.,You are watching a football match. Allen now with a cross towards Llorent. Is this a goal? Answer yes or no.,reproducing_code/vlm-circuits-analysis/data/goal/composites/06FNvY2s/nim/2/NIM_2.png,no,vision_only,You are watching a football match. Allen now with a cross towards Llorent. Is this a goal? Answer yes or no.,reproducing_code/vlm-circuits-analysis/data/goal/composites_noisy_sigma0p1/06FNvY2s/nim/2/NIM_2.png,yes,vision_only,
8S0QVm38,1,NIM_3,SHOT-ON-TARGET,not_important,0.873122,"I don't think Gattuso would ever entertain a brolly, nor Di Francesco. Going to feed it into Kessier. Conoros pass picked off, Kessier once again. Gattuso searching cross.",Standing in the pouring rain And not one had a brolly I don't think Gattuso Would ever entertain a brolly Nor Di Francesco Going to feed it into Kessier Conoros pass picked off Kessier once again Sousso Searching cross,"You are watching a football match. I don't think Gattuso would ever entertain a brolly, nor Di Francesco. Going to feed it into Kessier. Conoros pass picked off, Kessier once again. Gattuso searching cross. Is this a goal? Answer yes or no.",reproducing_code/vlm-circuits-analysis/data/goal/composites/8S0QVm38/nim/1/NIM_3.png,no,vision_only,"You are watching a football match. I don't think Gattuso would ever entertain a brolly, nor Di Francesco. Going to feed it into Kessier. Conoros pass picked off, Kessier once again. Gattuso searching cross. Is this a goal? Answer yes or no.",reproducing_code/vlm-circuits-analysis/data/goal/composites_noisy_sigma0p1/8S0QVm38/nim/1/NIM_3.png,yes,vision_only,
nwl9maEG,1,NIM_4,SHOT-ON-TARGET,not_important,1.000000,Now he's going to try and dig it out. That was a bit of a scare for Manchester City.,Now he's going to try and dig it out. That was a bit of a scare for Manchester City.,You are watching a football match. Now he's going to try and dig it out. That was a bit of a scare for Manchester City. Is this a goal? Answer yes or no.,reproducing_code/vlm-circuits-analysis/data/goal/composites/nwl9maEG/nim/1/NIM_4.png,no,vision_only,You are watching a football match. Now he's going to try and dig it out. That was a bit of a scare for Manchester City. Is this a goal? Answer yes or no.,reproducing_code/vlm-circuits-analysis/data/goal/composites_noisy_sigma0p1/nwl9maEG/nim/1/NIM_4.png,yes,vision_only,
viZQQvS2,1,NIM_9,SHOT-ON-TARGET,not_important,0.941166,"See what he can do here. Oh, he was held, but Zapata's still going. Ilicic. He's used the ball particularly well, and so too Daron who threaded it through for Gomez. Of all the players he wanted that to go to, it would have been Gomez there. He just lets the ball run under his foot. He's just trying to open up his body so he can get his...",see what he can do here oh he was held but Zapata's still going Ilicic he's used the ball particularly well and so too Daron who threaded it through for Gomez of all the players he wanted that to go to it would have been Gomez there,"You are watching a football match. See what he can do here. Oh, he was held, but Zapata's still going. Ilicic. He's used the ball particularly well, and so too Daron who threaded it through for Gomez. Of all the players he wanted that to go to, it would have been Gomez there. He just lets the ball run under his foot. He's just trying to open up his body so he can get his... Is this a goal? Answer yes or no.",reproducing_code/vlm-circuits-analysis/data/goal/composites/viZQQvS2/nim/1/NIM_9.png,no,vision_only,"You are watching a football match. See what he can do here. Oh, he was held, but Zapata's still going. Ilicic. He's used the ball particularly well, and so too Daron who threaded it through for Gomez. Of all the players he wanted that to go to, it would have been Gomez there. He just lets the ball run under his foot. He's just trying to open up his body so he can get his... Is this a goal? Answer yes or no.",reproducing_code/vlm-circuits-analysis/data/goal/composites_noisy_sigma0p1/viZQQvS2/nim/1/NIM_9.png,yes,vision_only,
IcCSkl6F,1,NIM_1,SHOT-ON-TARGET,not_important,0.893918,He's causing problems. And here's an attempt with a goalkeeper.,causing problems and here's an attempt with a goalkeeper,You are watching a football match. He's causing problems. And here's an attempt with a goalkeeper. Is this a goal? Answer yes or no.,reproducing_code/vlm-circuits-analysis/data/goal/composites/IcCSkl6F/nim/1/NIM_1.png,no,vision_only,You are watching a football match. He's causing problems. And here's an attempt with a goalkeeper. Is this a goal? Answer yes or no.,reproducing_code/vlm-circuits-analysis/data/goal/composites_noisy_sigma0p1/IcCSkl6F/nim/1/NIM_1.png,yes,vision_only,
8S0QVm38,2,NIM_5,SHOT-ON-TARGET,not_important,0.675741,Lows to take those short free kicks and eventual delivery in.,He has to take those short free kicks and... Delivery in.,You are watching a football match. Lows to take those short free kicks and eventual delivery in. Is this a goal? Answer yes or no.,reproducing_code/vlm-circuits-analysis/data/goal/composites/8S0QVm38/nim/2/NIM_5.png,no,vision_only,You are watching a football match. Lows to take those short free kicks and eventual delivery in. Is this a goal? Answer yes or no.,reproducing_code/vlm-circuits-analysis/data/goal/composites_noisy_sigma0p1/8S0QVm38/nim/2/NIM_5.png,yes,vision_only,
63fde7Re,2,NIM_2,SHOT-ON-TARGET,not_important,0.817994,"Travelled a long way, under, close down, under again, under! Golini parries the ball away, under, Jekyll, no power on the header.",Travelled a long way. Under. Close down. Under again. Under! Golini parries the ball away. Under. Dzeko. No power on the header.,"You are watching a football match. Travelled a long way, under, close down, under again, under! Golini parries the ball away, under, Jekyll, no power on the header. Is this a goal? Answer yes or no.",reproducing_code/vlm-circuits-analysis/data/goal/composites/63fde7Re/nim/2/NIM_2.png,no,vision_only,"You are watching a football match. Travelled a long way, under, close down, under again, under! Golini parries the ball away, under, Jekyll, no power on the header. Is this a goal? Answer yes or no.",reproducing_code/vlm-circuits-analysis/data/goal/composites_noisy_sigma0p1/63fde7Re/nim/2/NIM_2.png,yes,vision_only,
ChTFpiaS,1,NIM_2,SHOT-ON-TARGET,not_important,0.884014,Riyad Mahrez handy from this range but he's only on the bench today.,Riyad Mahrez handy from this range but he's only on the bench today The Bruyne,You are watching a football match. Riyad Mahrez handy from this range but he's only on the bench today. Is this a goal? Answer yes or no.,reproducing_code/vlm-circuits-analysis/data/goal/composites/ChTFpiaS/nim/1/NIM_2.png,no,vision_only,You are watching a football match. Riyad Mahrez handy from this range but he's only on the bench today. Is this a goal? Answer yes or no.,reproducing_code/vlm-circuits-analysis/data/goal/composites_noisy_sigma0p1/ChTFpiaS/nim/1/NIM_2.png,yes,vision_only,
x2i73QnS,1,NIM_2,SHOT-ON-TARGET,not_important,0.955006,"Backwards, gets his head on it but no power or direction. No fear of course, why should there be they've won five of their last six away games.",backwards it's his head on it but no power or direction no fear of course why should there be they've won five of the last six away games in,"You are watching a football match. Backwards, gets his head on it but no power or direction. No fear of course, why should there be they've won five of their last six away games. Is this a goal? Answer yes or no.",reproducing_code/vlm-circuits-analysis/data/goal/composites/x2i73QnS/nim/1/NIM_2.png,no,vision_only,"You are watching a football match. Backwards, gets his head on it but no power or direction. No fear of course, why should there be they've won five of their last six away games. Is this a goal? Answer yes or no.",reproducing_code/vlm-circuits-analysis/data/goal/composites_noisy_sigma0p1/x2i73QnS/nim/1/NIM_2.png,yes,vision_only,
ObsVrY4o,2,NIM_2,SHOT-ON-TARGET,not_important,1.000000,Nicely played by him to Aleksandro. It's a waste though from a Juve perspective. It was a waste. He should be hitting the target.,Nicely played by him to Aleksandro. It's a waste though from a Juve perspective. It was a waste. He should be hitting the target.,You are watching a football match. Nicely played by him to Aleksandro. It's a waste though from a Juve perspective. It was a waste. He should be hitting the target. Is this a goal? Answer yes or no.,reproducing_code/vlm-circuits-analysis/data/goal/composites/ObsVrY4o/nim/2/NIM_2.png,no,vision_only,You are watching a football match. Nicely played by him to Aleksandro. It's a waste though from a Juve perspective. It was a waste. He should be hitting the target. Is this a goal? Answer yes or no.,reproducing_code/vlm-circuits-analysis/data/goal/composites_noisy_sigma0p1/ObsVrY4o/nim/2/NIM_2.png,yes,vision_only,
MV4UU7IE,2,NIM_5,SHOT-ON-TARGET,not_important,0.893020,"Cristiano Ronaldo gets his head up, he's looking across it to Sami Khadira at the far post.",Cristiano Ronaldo gets his head up. He's looking across it to Sammy Kadir at the far post.,"You are watching a football match. Cristiano Ronaldo gets his head up, he's looking across it to Sami Khadira at the far post. Is this a goal? Answer yes or no.",reproducing_code/vlm-circuits-analysis/data/goal/composites/MV4UU7IE/nim/2/NIM_5.png,no,vision_only,"You are watching a football match. Cristiano Ronaldo gets his head up, he's looking across it to Sami Khadira at the far post. Is this a goal? Answer yes or no.",reproducing_code/vlm-circuits-analysis/data/goal/composites_noisy_sigma0p1/MV4UU7IE/nim/2/NIM_5.png,yes,vision_only,
W0KvTtjG,1,NIM_3,SHOT-ON-TARGET,not_important,0.078800,"Big chance in there, Steve, was for Troy Deeney. Yeah, he got caught out of Liverpool. Just between Gomez and Trent Alexander-Arnold. Nice ball in. Whether he should have got there, might have been better going with his left foot. Dangles his right foot out there. It's a close one.",.,"You are watching a football match. Big chance in there, Steve, was for Troy Deeney. Yeah, he got caught out of Liverpool. Just between Gomez and Trent Alexander-Arnold. Nice ball in. Whether he should have got there, might have been better going with his left foot. Dangles his right foot out there. It's a close one. Is this a goal? Answer yes or no.",reproducing_code/vlm-circuits-analysis/data/goal/composites/W0KvTtjG/nim/1/NIM_3.png,no,vision_only,"You are watching a football match. Big chance in there, Steve, was for Troy Deeney. Yeah, he got caught out of Liverpool. Just between Gomez and Trent Alexander-Arnold. Nice ball in. Whether he should have got there, might have been better going with his left foot. Dangles his right foot out there. It's a close one. Is this a goal? Answer yes or no.",reproducing_code/vlm-circuits-analysis/data/goal/composites_noisy_sigma0p1/W0KvTtjG/nim/1/NIM_3.png,yes,vision_only,
xpER1kZQ,1,NIM_5,SHOT-ON-TARGET,not_important,0.926707,To get Keane a little bit of space. Wrong option.,to get Keane a little bit of space,You are watching a football match. To get Keane a little bit of space. Wrong option. Is this a goal? Answer yes or no.,reproducing_code/vlm-circuits-analysis/data/goal/composites/xpER1kZQ/nim/1/NIM_5.png,no,vision_only,You are watching a football match. To get Keane a little bit of space. Wrong option. Is this a goal? Answer yes or no.,reproducing_code/vlm-circuits-analysis/data/goal/composites_noisy_sigma0p1/xpER1kZQ/nim/1/NIM_5.png,yes,vision_only,
reYzH7wg,2,NIM_5,SHOT-ON-TARGET,not_important,0.440391,"And Quadrado, Ivala further away. Out by Atari Krikowiak.",and Quadrado Dybala further wide out by Tariq Krikovijak,"You are watching a football match. And Quadrado, Ivala further away. Out by Atari Krikowiak. Is this a goal? Answer yes or no.",reproducing_code/vlm-circuits-analysis/data/goal/composites/reYzH7wg/nim/2/NIM_5.png,no,vision_only,"You are watching a football match. And Quadrado, Ivala further away. Out by Atari Krikowiak. Is this a goal? Answer yes or no.",reproducing_code/vlm-circuits-analysis/data/goal/composites_noisy_sigma0p1/reYzH7wg/nim/2/NIM_5.png,yes,vision_only,
OziK3ff0,1,NIM_11,SHOT-ON-TARGET,not_important,0.967162,"Nicely done in the middle. And now the play builds nicely. Simeone, wonderful first touch and lays off to Nandes. Three waiting in the box arrives. Joao Pedro and Neely Simeone with a...",nicely done in the middle the play builds nicely Simeone a wonderful first touch and lays off to Nandes three waiting in the box arrives João Pedro and nearly Simeone,"You are watching a football match. Nicely done in the middle. And now the play builds nicely. Simeone, wonderful first touch and lays off to Nandes. Three waiting in the box arrives. Joao Pedro and Neely Simeone with a... Is this a goal? Answer yes or no.",reproducing_code/vlm-circuits-analysis/data/goal/composites/OziK3ff0/nim/1/NIM_11.png,no,vision_only,"You are watching a football match. Nicely done in the middle. And now the play builds nicely. Simeone, wonderful first touch and lays off to Nandes. Three waiting in the box arrives. Joao Pedro and Neely Simeone with a... Is this a goal? Answer yes or no.",reproducing_code/vlm-circuits-analysis/data/goal/composites_noisy_sigma0p1/OziK3ff0/nim/1/NIM_11.png,yes,vision_only,
bevos1dM,1,NIM_6,SHOT-ON-TARGET,not_important,0.605366,Excellent ball to a pass to La Cuerta who's got options in the middle.,"Excellent ball to Astor Pelecueta, who's got options in the middle.",You are watching a football match. Excellent ball to a pass to La Cuerta who's got options in the middle. Is this a goal? Answer yes or no.,reproducing_code/vlm-circuits-analysis/data/goal/composites/bevos1dM/nim/1/NIM_6.png,no,vision_only,You are watching a football match. Excellent ball to a pass to La Cuerta who's got options in the middle. Is this a goal? Answer yes or no.,reproducing_code/vlm-circuits-analysis/data/goal/composites_noisy_sigma0p1/bevos1dM/nim/1/NIM_6.png,yes,vision_only,
63fde7Re,1,NIM_3,SHOT-ON-TARGET,not_important,0.981819,From a free kick. This time well over the crossbar. Seems too far out there for Kolarov.,From a free kick. This time well over the crossbar. It seemed a bit too far out there for Kolarov.,You are watching a football match. From a free kick. This time well over the crossbar. Seems too far out there for Kolarov. Is this a goal? Answer yes or no.,reproducing_code/vlm-circuits-analysis/data/goal/composites/63fde7Re/nim/1/NIM_3.png,no,vision_only,You are watching a football match. From a free kick. This time well over the crossbar. Seems too far out there for Kolarov. Is this a goal? Answer yes or no.,reproducing_code/vlm-circuits-analysis/data/goal/composites_noisy_sigma0p1/63fde7Re/nim/1/NIM_3.png,yes,vision_only,
rs1thcel,2,NIM_7,SHOT-ON-TARGET,not_important,0.657945,It is ball in. And it's a chance from Lordy.,It's his ball in. And it's a chance for Muriel.,You are watching a football match. It is ball in. And it's a chance from Lordy. Is this a goal? Answer yes or no.,reproducing_code/vlm-circuits-analysis/data/goal/composites/rs1thcel/nim/2/NIM_7.png,no,vision_only,You are watching a football match. It is ball in. And it's a chance from Lordy. Is this a goal? Answer yes or no.,reproducing_code/vlm-circuits-analysis/data/goal/composites_noisy_sigma0p1/rs1thcel/nim/2/NIM_7.png,yes,vision_only,
EPk1kLq4,1,NIM_5,SHOT-ON-TARGET,not_important,0.979240,"I do think he lacks that power and strength, he's really hurt defenders, I think Iwobi's got that in abundance, as I said we've seen glimpses of it already. Here's Dean, connecting the ball from Richarlison, Iwobi, first time for him to make his mark this afternoon and he clips him, a really good ball that Sigurdsson heads over.",I do think he lacks that power and strength he's really hurt defenders I think Iwobi's got that in abundance and as I said we've seen glimpses of it already here's Dean connecting the ball from Richarlison Iwobi first time for him to make his mark this afternoon and he clips in a really good ball that Sigurdsson heads over well Dine from this side,"You are watching a football match. I do think he lacks that power and strength, he's really hurt defenders, I think Iwobi's got that in abundance, as I said we've seen glimpses of it already. Here's Dean, connecting the ball from Richarlison, Iwobi, first time for him to make his mark this afternoon and he clips him, a really good ball that Sigurdsson heads over. Is this a goal? Answer yes or no.",reproducing_code/vlm-circuits-analysis/data/goal/composites/EPk1kLq4/nim/1/NIM_5.png,no,vision_only,"You are watching a football match. I do think he lacks that power and strength, he's really hurt defenders, I think Iwobi's got that in abundance, as I said we've seen glimpses of it already. Here's Dean, connecting the ball from Richarlison, Iwobi, first time for him to make his mark this afternoon and he clips him, a really good ball that Sigurdsson heads over. Is this a goal? Answer yes or no.",reproducing_code/vlm-circuits-analysis/data/goal/composites_noisy_sigma0p1/EPk1kLq4/nim/1/NIM_5.png,yes,vision_only,
